"Seq_ID	subsample	rname	startpos	endpos	numreads	covbases	coverage	meandepth	meanbaseq	meanmapq"
"CS00029	0.025	NC_017592.1	1	2036867	1801465	1423083	69.8663	116.538	35.5	56.2"
"CS00029	0.05	NC_017592.1	1	2036867	3601697	1593770	78.2461	233.006	35.5	56.3"
"CS00029	0.075	NC_017592.1	1	2036867	5403969	1680433	82.5009	349.673	35.5	56.3"
"CS00029	0.125	NC_017592.1	1	2036867	9011451	1781455	87.4605	583.093	35.5	56.3"
"CS00029	0.1	NC_017592.1	1	2036867	7206412	1743840	85.6138	466.277	35.5	56.3"
"CS00029	0.25	NC_017592.1	1	2036867	18017470	1889934	92.7863	1165.94	35.5	56.3"
"CS00029	0.5	NC_017592.1	1	2036867	36043031	1961019	96.2762	2332.51	35.5	56.3"
"CS00029	1.0	NC_017592.1	1	2036867	72083054	1996904	98.038	4664.98	35.5	56.3"
"CS00030	0.025	NC_017592.1	1	2036867	1085989	1767074	86.7545	66.9899	35.6	45.7"
"CS00030	0.05	NC_017592.1	1	2036867	2169661	1892102	92.8928	133.83	35.6	45.7"
"CS00030	0.075	NC_017592.1	1	2036867	3254268	1936624	95.0786	200.707	35.6	45.7"
"CS00030	0.125	NC_017592.1	1	2036867	5421311	1972255	96.8279	334.342	35.6	45.7"
"CS00030	0.1	NC_017592.1	1	2036867	4337347	1958854	96.17	267.499	35.6	45.7"
"CS00030	0.25	NC_017592.1	1	2036867	10846908	2001058	98.242	668.925	35.6	45.7"
"CS00030	0.5	NC_017592.1	1	2036867	21684978	2015806	98.966	1337.37	35.6	45.7"
"CS00030	1.0	NC_017592.1	1	2036867	43362328	2024088	99.3726	2674.51	35.6	45.7"
"CS00031	0.025	NC_017592.1	1	2036867	2136246	1311967	64.411	138.875	35.4	56.1"
"CS00031	0.05	NC_017592.1	1	2036867	4270493	1479697	72.6457	277.565	35.4	56.1"
"CS00031	0.075	NC_017592.1	1	2036867	6407029	1563361	76.7532	416.426	35.4	56.1"
"CS00031	0.125	NC_017592.1	1	2036867	10684367	1665926	81.7886	694.521	35.4	56.1"
"CS00031	0.1	NC_017592.1	1	2036867	8546455	1626506	79.8533	555.524	35.4	56.1"
"CS00031	0.25	NC_017592.1	1	2036867	21370703	1776584	87.2214	1389.16	35.4	56.1"
"CS00031	0.5	NC_017592.1	1	2036867	42739465	1849107	90.7819	2778.01	35.4	56.1"
"CS00031	1.0	NC_017592.1	1	2036867	85490685	1890639	92.8209	5556.84	35.4	56.1"
"CS00032	0.025	NC_017592.1	1	2036867	796890	1415554	69.4966	48.4628	35.7	39.4"
"CS00032	0.05	NC_017592.1	1	2036867	1591599	1562916	76.7314	96.7652	35.7	39.4"
"CS00032	0.075	NC_017592.1	1	2036867	2388455	1626456	79.8509	145.196	35.7	39.4"
"CS00032	0.125	NC_017592.1	1	2036867	3982174	1692985	83.1171	242.094	35.7	39.4"
"CS00032	0.1	NC_017592.1	1	2036867	3185035	1663061	81.648	193.606	35.7	39.4"
"CS00032	0.25	NC_017592.1	1	2036867	7971450	1760761	86.4446	484.529	35.7	39.4"
"CS00032	0.5	NC_017592.1	1	2036867	15927937	1805664	88.6491	968.219	35.7	39.4"
"CS00032	1.0	NC_017592.1	1	2036867	31851812	1843568	90.51	1934	35.7	39.4"
"CS00033	0.025	NC_017592.1	1	2036867	2092288	1419567	69.6937	138.413	35.6	55.7"
"CS00033	0.05	NC_017592.1	1	2036867	4182567	1596945	78.402	276.641	35.6	55.7"
"CS00033	0.075	NC_017592.1	1	2036867	6273180	1690680	83.0039	414.994	35.6	55.7"
"CS00033	0.125	NC_017592.1	1	2036867	10457988	1793530	88.0534	691.874	35.6	55.8"
"CS00033	0.1	NC_017592.1	1	2036867	8365547	1748712	85.853	553.427	35.6	55.7"
"CS00033	0.25	NC_017592.1	1	2036867	20907162	1897386	93.1522	1383.19	35.6	55.8"
"CS00033	0.5	NC_017592.1	1	2036867	41823511	1965539	96.4982	2767.07	35.6	55.8"
"CS00033	1.0	NC_017592.1	1	2036867	83646756	2003338	98.3539	5534.34	35.6	55.8"
"CS00034	0.025	NC_017592.1	1	2036867	1706714	1853935	91.019	107.166	35.7	47.2"
"CS00034	0.05	NC_017592.1	1	2036867	3414206	1951584	95.813	214.415	35.7	47.2"
"CS00034	0.075	NC_017592.1	1	2036867	5125303	1981875	97.3002	321.881	35.7	47.2"
"CS00034	0.125	NC_017592.1	1	2036867	8539299	2006680	98.518	536.298	35.7	47.2"
"CS00034	0.1	NC_017592.1	1	2036867	6832826	1998469	98.1148	429.115	35.7	47.2"
"CS00034	0.25	NC_017592.1	1	2036867	17080765	2020983	99.2202	1072.79	35.7	47.2"
"CS00034	0.5	NC_017592.1	1	2036867	34154111	2027335	99.532	2144.94	35.7	47.2"
"CS00034	1.0	NC_017592.1	1	2036867	68310548	2030616	99.6931	4267.71	35.7	47.2"
"CS00035	0.025	NC_017592.1	1	2036867	2559337	1432995	70.3529	168.766	35.5	56.7"
"CS00035	0.05	NC_017592.1	1	2036867	5121928	1608222	78.9557	337.758	35.5	56.7"
"CS00035	0.075	NC_017592.1	1	2036867	7684216	1696726	83.3008	506.714	35.5	56.7"
"CS00035	0.125	NC_017592.1	1	2036867	12805446	1788846	87.8234	844.45	35.5	56.7"
"CS00035	0.1	NC_017592.1	1	2036867	10243285	1750446	85.9382	675.452	35.5	56.7"
"CS00035	0.25	NC_017592.1	1	2036867	25617972	1878719	92.2357	1689.28	35.5	56.7"
"CS00035	0.5	NC_017592.1	1	2036867	51242951	1935639	95.0302	3378.98	35.5	56.7"
"CS00035	1.0	NC_017592.1	1	2036867	102501265	1968409	96.6391	6758.82	35.5	56.7"
"CS00036	0.025	NC_017592.1	1	2036867	1323651	1739876	85.4192	81.3447	35.6	44.3"
"CS00036	0.05	NC_017592.1	1	2036867	2646340	1860706	91.3514	162.615	35.6	44.2"
"CS00036	0.075	NC_017592.1	1	2036867	3970189	1906810	93.6149	243.949	35.6	44.2"
"CS00036	0.125	NC_017592.1	1	2036867	6621023	1943318	95.4072	406.841	35.6	44.3"
"CS00036	0.1	NC_017592.1	1	2036867	5294864	1929345	94.7212	325.357	35.6	44.3"
"CS00036	0.25	NC_017592.1	1	2036867	13247422	1972332	96.8317	813.906	35.6	44.3"
"CS00036	0.5	NC_017592.1	1	2036867	26490873	1986067	97.506	1627.45	35.6	44.3"
"CS00036	1.0	NC_017592.1	1	2036867	52991041	1993106	97.8516	3206.05	35.6	44.3"
"CS00037	0.025	NC_017592.1	1	2036867	2558730	1458861	71.6228	166.374	35.5	56.7"
"CS00037	0.05	NC_017592.1	1	2036867	5121395	1635203	80.2803	333.044	35.5	56.7"
"CS00037	0.075	NC_017592.1	1	2036867	7684374	1717795	84.3352	499.729	35.5	56.7"
"CS00037	0.125	NC_017592.1	1	2036867	12800505	1811165	88.9192	832.393	35.5	56.7"
"CS00037	0.1	NC_017592.1	1	2036867	10243821	1771938	86.9933	666.159	35.5	56.7"
"CS00037	0.25	NC_017592.1	1	2036867	25599846	1906555	93.6023	1664.64	35.5	56.7"
"CS00037	0.5	NC_017592.1	1	2036867	51186414	1968290	96.6332	3328.3	35.5	56.7"
"CS00037	1.0	NC_017592.1	1	2036867	102375453	2005081	98.4395	6657.05	35.5	56.7"
"CS00038	0.025	NC_017592.1	1	2036867	857789	1595908	78.3511	52.7697	35.7	43"
"CS00038	0.05	NC_017592.1	1	2036867	1715121	1784650	87.6174	105.496	35.7	43"
"CS00038	0.075	NC_017592.1	1	2036867	2570058	1860159	91.3245	158.081	35.7	43"
"CS00038	0.125	NC_017592.1	1	2036867	4282232	1927726	94.6417	263.415	35.7	43"
"CS00038	0.1	NC_017592.1	1	2036867	3424908	1901572	93.3577	210.679	35.7	43"
"CS00038	0.25	NC_017592.1	1	2036867	8572471	1982382	97.3251	527.361	35.7	43"
"CS00038	0.5	NC_017592.1	1	2036867	17147096	2005116	98.4412	1054.63	35.7	43"
"CS00038	1.0	NC_017592.1	1	2036867	34301444	2016945	99.0219	2109.72	35.7	43"
"CS00039	0.025	NC_017592.1	1	2036867	1547788	1302549	63.9487	101.363	35.6	56.4"
"CS00039	0.05	NC_017592.1	1	2036867	3095855	1480066	72.6639	202.755	35.6	56.4"
"CS00039	0.075	NC_017592.1	1	2036867	4641407	1564765	76.8221	304.018	35.6	56.4"
"CS00039	0.125	NC_017592.1	1	2036867	7734965	1664578	81.7225	506.647	35.6	56.4"
"CS00039	0.1	NC_017592.1	1	2036867	6188963	1623874	79.7241	405.347	35.6	56.4"
"CS00039	0.25	NC_017592.1	1	2036867	15476685	1778863	87.3333	1013.64	35.6	56.4"
"CS00039	0.5	NC_017592.1	1	2036867	30966982	1858691	91.2524	2028.35	35.6	56.4"
"CS00039	1.0	NC_017592.1	1	2036867	61936821	1905765	93.5635	4056.88	35.6	56.4"
"CS00040	0.025	NC_017592.1	1	2036867	1129994	1631209	80.0842	69.3372	35.6	43.1"
"CS00040	0.05	NC_017592.1	1	2036867	2260148	1749836	85.9082	138.704	35.6	43.1"
"CS00040	0.075	NC_017592.1	1	2036867	3392342	1801677	88.4533	208.201	35.6	43.1"
"CS00040	0.125	NC_017592.1	1	2036867	5653855	1847105	90.6836	346.922	35.6	43.1"
"CS00040	0.1	NC_017592.1	1	2036867	4520105	1829462	89.8175	277.38	35.6	43.1"
"CS00040	0.25	NC_017592.1	1	2036867	11312426	1882204	92.4068	694.135	35.6	43.1"
"CS00040	0.5	NC_017592.1	1	2036867	22628330	1906295	93.5896	1388.49	35.6	43.1"
"CS00040	1.0	NC_017592.1	1	2036867	45250897	1924814	94.4988	2776.61	35.6	43.1"
"CS00047	0.025	NC_017592.1	1	2036867	805670	1122756	55.1217	42.9986	35.7	39.4"
"CS00047	0.05	NC_017592.1	1	2036867	1613413	1373872	67.4503	86.0973	35.7	39.4"
"CS00047	0.075	NC_017592.1	1	2036867	2421461	1502996	73.7896	129.207	35.7	39.4"
"CS00047	0.125	NC_017592.1	1	2036867	4038050	1647134	80.8661	215.467	35.7	39.4"
"CS00047	0.1	NC_017592.1	1	2036867	3229560	1584644	77.7981	172.295	35.7	39.4"
"CS00047	0.25	NC_017592.1	1	2036867	8079854	1795130	88.1319	431.168	35.7	39.4"
"CS00047	0.5	NC_017592.1	1	2036867	16160543	1894412	93.0062	862.427	35.7	39.4"
"CS00047	1.0	NC_017592.1	1	2036867	32320123	1953743	95.919	1724.83	35.7	39.4"
"CS00048	0.025	NC_017592.1	1	2036867	845535	880821	43.2439	39.5782	35.8	31.2"
"CS00048	0.05	NC_017592.1	1	2036867	1694301	1121586	55.0643	79.3256	35.7	31.2"
"CS00048	0.075	NC_017592.1	1	2036867	2540679	1279766	62.8301	118.945	35.7	31.2"
"CS00048	0.125	NC_017592.1	1	2036867	4236684	1456742	71.5188	198.356	35.7	31.2"
"CS00048	0.1	NC_017592.1	1	2036867	3389658	1379348	67.7191	158.696	35.7	31.2"
"CS00048	0.25	NC_017592.1	1	2036867	8471873	1664472	81.7173	396.729	35.7	31.2"
"CS00048	0.5	NC_017592.1	1	2036867	16944361	1808852	88.8056	793.43	35.7	31.2"
"CS00048	1.0	NC_017592.1	1	2036867	33889695	1899782	93.2698	1586.82	35.7	31.2"
"CS00049	0.025	NC_017592.1	1	2036867	652483	234438	11.5097	14.3815	35.6	7.79"
"CS00049	0.05	NC_017592.1	1	2036867	1303011	338470	16.6172	28.7215	35.6	7.8"
"CS00049	0.075	NC_017592.1	1	2036867	1956515	407253	19.9941	43.1339	35.6	7.78"
"CS00049	0.125	NC_017592.1	1	2036867	3263525	525595	25.8041	71.9385	35.6	7.8"
"CS00049	0.1	NC_017592.1	1	2036867	2609422	469954	23.0724	57.524	35.6	7.79"
"CS00049	0.25	NC_017592.1	1	2036867	6533258	718414	35.2705	144.093	35.6	7.8"
"CS00049	0.5	NC_017592.1	1	2036867	13071940	960411	47.1514	288.464	35.6	7.82"
"CS00049	1.0	NC_017592.1	1	2036867	26142292	1176942	57.782	552.917	35.6	7.82"
"CS00050	0.025	NC_017592.1	1	2036867	706764	181042	8.88826	11.9466	35.3	3.93"
"CS00050	0.05	NC_017592.1	1	2036867	1412919	255971	12.5669	23.8741	35.3	3.93"
"CS00050	0.075	NC_017592.1	1	2036867	2118812	315900	15.5091	35.7975	35.3	3.93"
"CS00050	0.125	NC_017592.1	1	2036867	3532166	409889	20.1235	59.6735	35.3	3.93"
"CS00050	0.1	NC_017592.1	1	2036867	2826273	364198	17.8803	47.7511	35.3	3.93"
"CS00050	0.25	NC_017592.1	1	2036867	7059961	570572	28.0122	119.34	35.3	3.93"
"CS00050	0.5	NC_017592.1	1	2036867	14115208	760952	37.3589	238.667	35.3	3.94"
"CS00050	1.0	NC_017592.1	1	2036867	28245670	955826	46.9263	388.673	35.4	3.94"
"CS00051	0.025	NC_017592.1	1	2036867	767437	36096	1.77213	10.2546	35.2	0.904"
"CS00051	0.05	NC_017592.1	1	2036867	1531534	53638	2.63336	20.4625	35.2	0.905"
"CS00051	0.075	NC_017592.1	1	2036867	2296022	69357	3.40508	30.68	35.2	0.902"
"CS00051	0.125	NC_017592.1	1	2036867	3825266	89050	4.37191	51.1114	35.2	0.903"
"CS00051	0.1	NC_017592.1	1	2036867	3058915	80753	3.96457	40.8765	35.2	0.902"
"CS00051	0.25	NC_017592.1	1	2036867	7648221	125609	6.16677	102.193	35.2	0.898"
"CS00051	0.5	NC_017592.1	1	2036867	15301293	175688	8.6254	204.474	35.2	0.896"
"CS00051	1.0	NC_017592.1	1	2036867	30605656	238406	11.7045	275.406	35.2	0.897"
"CS00052	0.025	NC_017592.1	1	2036867	1462405	1453992	71.3837	80.5538	35.7	37.7"
"CS00052	0.05	NC_017592.1	1	2036867	2926264	1614908	79.2839	161.141	35.7	37.7"
"CS00052	0.075	NC_017592.1	1	2036867	4390795	1691981	83.0678	241.863	35.7	37.7"
"CS00052	0.125	NC_017592.1	1	2036867	7318175	1763994	86.6033	403.029	35.7	37.7"
"CS00052	0.1	NC_017592.1	1	2036867	5855580	1734948	85.1773	322.506	35.7	37.7"
"CS00052	0.25	NC_017592.1	1	2036867	14645022	1837282	90.2014	806.542	35.7	37.7"
"CS00052	0.5	NC_017592.1	1	2036867	29296709	1879231	92.2609	1613.72	35.7	37.7"
"CS00052	1.0	NC_017592.1	1	2036867	58601191	1906923	93.6204	3193.32	35.7	37.7"
"CS00053	0.025	NC_017592.1	1	2036867	1071115	1068926	52.4789	53.3088	35.7	30.3"
"CS00053	0.05	NC_017592.1	1	2036867	2146015	1317274	64.6716	106.843	35.7	30.4"
"CS00053	0.075	NC_017592.1	1	2036867	3219557	1448363	71.1074	160.344	35.7	30.4"
"CS00053	0.125	NC_017592.1	1	2036867	5368060	1585146	77.8228	267.361	35.7	30.4"
"CS00053	0.1	NC_017592.1	1	2036867	4294885	1528504	75.0419	213.877	35.7	30.4"
"CS00053	0.25	NC_017592.1	1	2036867	10738436	1715345	84.2149	535.028	35.7	30.4"
"CS00053	0.5	NC_017592.1	1	2036867	21475862	1807121	88.7206	1069.77	35.7	30.4"
"CS00053	1.0	NC_017592.1	1	2036867	42955949	1859828	91.3083	2111.66	35.7	30.4"
"CS00054	0.025	NC_017592.1	1	2036867	844980	566375	27.8062	28.1543	35.6	16.6"
"CS00054	0.05	NC_017592.1	1	2036867	1687663	773131	37.9569	56.1599	35.6	16.5"
"CS00054	0.075	NC_017592.1	1	2036867	2533256	912280	44.7884	84.3474	35.6	16.5"
"CS00054	0.125	NC_017592.1	1	2036867	4222761	1102670	54.1356	140.536	35.6	16.5"
"CS00054	0.1	NC_017592.1	1	2036867	3376963	1020869	50.1196	112.425	35.6	16.5"
"CS00054	0.25	NC_017592.1	1	2036867	8450347	1351584	66.356	281.16	35.6	16.5"
"CS00054	0.5	NC_017592.1	1	2036867	16899509	1559273	76.5525	562.353	35.6	16.5"
"CS00054	1.0	NC_017592.1	1	2036867	33801370	1714719	84.1841	1116.45	35.6	16.5"
"CS00055	0.025	NC_017592.1	1	2036867	807616	257680	12.6508	15.1031	35.5	5.62"
"CS00055	0.05	NC_017592.1	1	2036867	1616808	381776	18.7433	30.2594	35.5	5.62"
"CS00055	0.075	NC_017592.1	1	2036867	2425379	472065	23.176	45.4211	35.5	5.63"
"CS00055	0.125	NC_017592.1	1	2036867	4043416	604820	29.6936	75.7233	35.5	5.63"
"CS00055	0.1	NC_017592.1	1	2036867	3233819	544844	26.7491	60.5758	35.5	5.63"
"CS00055	0.25	NC_017592.1	1	2036867	8085757	812626	39.8959	151.316	35.5	5.64"
"CS00055	0.5	NC_017592.1	1	2036867	16168251	1046383	51.3722	302.529	35.5	5.63"
"CS00055	1.0	NC_017592.1	1	2036867	32337021	1270561	62.3782	518.518	35.6	5.63"
"CS00056	0.025	NC_017592.1	1	2036867	217419	18197	0.893382	2.90761	35.2	0.869"
"CS00056	0.05	NC_017592.1	1	2036867	433560	26999	1.32552	5.79937	35.2	0.865"
"CS00056	0.075	NC_017592.1	1	2036867	651975	33975	1.668	8.7193	35.2	0.881"
"CS00056	0.125	NC_017592.1	1	2036867	1085221	44943	2.20648	14.5127	35.2	0.88"
"CS00056	0.1	NC_017592.1	1	2036867	869440	39899	1.95884	11.627	35.2	0.885"
"CS00056	0.25	NC_017592.1	1	2036867	2172893	71309	3.50092	29.0599	35.2	0.881"
"CS00056	0.5	NC_017592.1	1	2036867	4351814	108306	5.31728	58.2007	35.2	0.88"
"CS00056	1.0	NC_017592.1	1	2036867	8710242	159308	7.82123	116.504	35.2	0.88"
"CS00057	0.025	NC_017592.1	1	2036867	2057878	1675800	82.2734	117.366	35.4	46.9"
"CS00057	0.05	NC_017592.1	1	2036867	4116255	1827938	89.7426	234.773	35.4	46.9"
"CS00057	0.075	NC_017592.1	1	2036867	6169281	1886714	92.6282	351.901	35.4	46.9"
"CS00057	0.125	NC_017592.1	1	2036867	10279409	1946125	95.545	586.33	35.4	46.9"
"CS00057	0.1	NC_017592.1	1	2036867	8224016	1921443	94.3333	469.076	35.4	46.9"
"CS00057	0.25	NC_017592.1	1	2036867	20549185	1994752	97.9324	1172.18	35.4	46.9"
"CS00057	0.5	NC_017592.1	1	2036867	41108313	2018156	99.0814	2344.93	35.4	46.9"
"CS00057	1.0	NC_017592.1	1	2036867	82195906	2026646	99.4982	4688.97	35.4	46.9"
"CS00058	0.025	NC_017592.1	1	2036867	735152	1179531	57.9091	40.4742	35.6	43"
"CS00058	0.05	NC_017592.1	1	2036867	1469469	1429325	70.1727	80.9116	35.6	43"
"CS00058	0.075	NC_017592.1	1	2036867	2204924	1561666	76.67	121.436	35.6	43"
"CS00058	0.125	NC_017592.1	1	2036867	3672971	1706740	83.7924	202.347	35.6	43"
"CS00058	0.1	NC_017592.1	1	2036867	2938815	1646069	80.8138	161.899	35.6	43"
"CS00058	0.25	NC_017592.1	1	2036867	7348291	1844639	90.5626	404.741	35.6	43"
"CS00058	0.5	NC_017592.1	1	2036867	14691999	1927453	94.6283	809.186	35.6	43"
"CS00058	1.0	NC_017592.1	1	2036867	29386650	1976333	97.0281	1618.47	35.6	43"
"CS00059	0.025	NC_017592.1	1	2036867	550356	735718	36.1201	25.4537	35.7	31.6"
"CS00059	0.05	NC_017592.1	1	2036867	1100996	963128	47.2848	50.9145	35.7	31.6"
"CS00059	0.075	NC_017592.1	1	2036867	1648622	1109621	54.4769	76.1824	35.7	31.6"
"CS00059	0.125	NC_017592.1	1	2036867	2749017	1303644	64.0024	127.002	35.7	31.6"
"CS00059	0.1	NC_017592.1	1	2036867	2198966	1215722	59.6859	101.619	35.7	31.6"
"CS00059	0.25	NC_017592.1	1	2036867	5497388	1540908	75.6509	253.882	35.7	31.6"
"CS00059	0.5	NC_017592.1	1	2036867	10996109	1730630	84.9653	507.924	35.7	31.6"
"CS00059	1.0	NC_017592.1	1	2036867	22002546	1860881	91.36	1016.43	35.7	31.6"
"CS00060	0.025	NC_017592.1	1	2036867	918050	469325	23.0415	25.6958	35.6	12.8"
"CS00060	0.05	NC_017592.1	1	2036867	1838901	641553	31.497	51.4698	35.6	12.8"
"CS00060	0.075	NC_017592.1	1	2036867	2758666	766721	37.6422	77.2035	35.6	12.8"
"CS00060	0.125	NC_017592.1	1	2036867	4599323	936319	45.9686	128.702	35.6	12.8"
"CS00060	0.1	NC_017592.1	1	2036867	3679250	861763	42.3083	102.941	35.6	12.8"
"CS00060	0.25	NC_017592.1	1	2036867	9195436	1190172	58.4315	257.232	35.6	12.8"
"CS00060	0.5	NC_017592.1	1	2036867	18379608	1435526	70.4772	514.19	35.6	12.8"
"CS00060	1.0	NC_017592.1	1	2036867	36755045	1637162	80.3765	981.98	35.7	12.8"
"CS00061	0.025	NC_017592.1	1	2036867	972265	140848	6.91493	13.8003	35.3	1.91"
"CS00061	0.05	NC_017592.1	1	2036867	1939444	210797	10.3491	27.5285	35.3	1.9"
"CS00061	0.075	NC_017592.1	1	2036867	2909822	260592	12.7938	41.3056	35.3	1.9"
"CS00061	0.125	NC_017592.1	1	2036867	4848816	341871	16.7842	68.8579	35.3	1.9"
"CS00061	0.1	NC_017592.1	1	2036867	3881055	306900	15.0673	55.1048	35.3	1.9"
"CS00061	0.25	NC_017592.1	1	2036867	9690270	481994	23.6635	137.621	35.3	1.9"
"CS00061	0.5	NC_017592.1	1	2036867	19377756	647613	31.7946	271.322	35.3	1.89"
"CS00061	1.0	NC_017592.1	1	2036867	38777470	831806	40.8375	343.918	35.4	1.89"
"CS00062	0.025	NC_017592.1	1	2036867	1095004	1236860	60.7237	58.9321	35.7	39.8"
"CS00062	0.05	NC_017592.1	1	2036867	2191238	1483062	72.8109	117.944	35.7	39.8"
"CS00062	0.075	NC_017592.1	1	2036867	3289605	1613404	79.2101	177.055	35.7	39.8"
"CS00062	0.125	NC_017592.1	1	2036867	5478384	1746944	85.7662	294.913	35.7	39.8"
"CS00062	0.1	NC_017592.1	1	2036867	4383563	1693788	83.1565	235.971	35.7	39.8"
"CS00062	0.25	NC_017592.1	1	2036867	10957799	1860824	91.3572	589.907	35.7	39.8"
"CS00062	0.5	NC_017592.1	1	2036867	21921218	1925646	94.5396	1180.34	35.7	39.8"
"CS00062	1.0	NC_017592.1	1	2036867	43839530	1963028	96.3749	2360.56	35.7	39.8"
"CS00063	0.025	NC_017592.1	1	2036867	931556	726669	35.6758	43.6249	35.7	30.5"
"CS00063	0.05	NC_017592.1	1	2036867	1863200	924698	45.3981	87.1828	35.7	30.4"
"CS00063	0.075	NC_017592.1	1	2036867	2794790	1057436	51.9148	130.769	35.7	30.4"
"CS00063	0.125	NC_017592.1	1	2036867	4657887	1216919	59.7446	218.048	35.7	30.5"
"CS00063	0.1	NC_017592.1	1	2036867	3725642	1143447	56.1375	174.362	35.7	30.5"
"CS00063	0.25	NC_017592.1	1	2036867	9312862	1424967	69.9588	435.997	35.7	30.4"
"CS00063	0.5	NC_017592.1	1	2036867	18629724	1603540	78.7258	872.277	35.7	30.4"
"CS00063	1.0	NC_017592.1	1	2036867	37255302	1744419	85.6423	1744.51	35.7	30.4"
"CS00064	0.025	NC_017592.1	1	2036867	555032	327818	16.0942	13.2881	35.6	11.9"
"CS00064	0.05	NC_017592.1	1	2036867	1110030	453131	22.2465	26.6136	35.6	11.9"
"CS00064	0.075	NC_017592.1	1	2036867	1664979	536864	26.3573	39.9318	35.6	11.9"
"CS00064	0.125	NC_017592.1	1	2036867	2775238	668173	32.804	66.5886	35.6	12"
"CS00064	0.1	NC_017592.1	1	2036867	2220216	610946	29.9944	53.2745	35.6	12"
"CS00064	0.25	NC_017592.1	1	2036867	5554687	860015	42.2224	133.39	35.6	12"
"CS00064	0.5	NC_017592.1	1	2036867	11111243	1059518	52.017	266.769	35.6	12"
"CS00064	1.0	NC_017592.1	1	2036867	22232625	1243047	61.0274	524.789	35.6	12"
"CS00065	0.025	NC_017592.1	1	2036867	357310	104321	5.12164	4.80264	35.5	4.85"
"CS00065	0.05	NC_017592.1	1	2036867	713621	156849	7.7005	9.59834	35.5	4.86"
"CS00065	0.075	NC_017592.1	1	2036867	1069912	198870	9.76352	14.3974	35.5	4.87"
"CS00065	0.125	NC_017592.1	1	2036867	1781791	251056	12.3256	23.9829	35.5	4.86"
"CS00065	0.1	NC_017592.1	1	2036867	1425829	225444	11.0682	19.1904	35.5	4.86"
"CS00065	0.25	NC_017592.1	1	2036867	3569658	349639	17.1655	48.0414	35.4	4.88"
"CS00065	0.5	NC_017592.1	1	2036867	7142646	467534	22.9536	96.1336	35.4	4.88"
"CS00065	1.0	NC_017592.1	1	2036867	14285064	595494	29.2358	192.268	35.5	4.89"
"CS00066	0.025	NC_017592.1	1	2036867	294059	22042	1.08215	3.62379	35.6	4.57"
"CS00066	0.05	NC_017592.1	1	2036867	587750	30995	1.5217	7.24343	35.6	4.6"
"CS00066	0.075	NC_017592.1	1	2036867	880282	37095	1.82118	10.8472	35.6	4.61"
"CS00066	0.125	NC_017592.1	1	2036867	1470715	47486	2.33133	18.1238	35.6	4.61"
"CS00066	0.1	NC_017592.1	1	2036867	1175690	43076	2.11482	14.4873	35.6	4.61"
"CS00066	0.25	NC_017592.1	1	2036867	2942408	63846	3.13452	36.2683	35.6	4.6"
"CS00066	0.5	NC_017592.1	1	2036867	5878707	87117	4.27701	72.449	35.6	4.59"
"CS00066	1.0	NC_017592.1	1	2036867	11758489	112225	5.50969	144.906	35.6	4.59"
"CS00067	0.025	NC_017592.1	1	2036867	294221	753718	37.0038	15.8427	35.6	37.9"
"CS00067	0.05	NC_017592.1	1	2036867	587086	990256	48.6166	31.6186	35.6	37.9"
"CS00067	0.075	NC_017592.1	1	2036867	881272	1144423	56.1855	47.4481	35.6	38"
"CS00067	0.125	NC_017592.1	1	2036867	1471344	1341294	65.8508	79.233	35.6	37.9"
"CS00067	0.1	NC_017592.1	1	2036867	1176112	1257522	61.7381	63.3429	35.6	37.9"
"CS00067	0.25	NC_017592.1	1	2036867	2938057	1575132	77.3311	158.211	35.6	37.9"
"CS00067	0.5	NC_017592.1	1	2036867	5871487	1759914	86.403	316.22	35.6	38"
"CS00067	1.0	NC_017592.1	1	2036867	11742437	1880409	92.3187	632.376	35.6	38"
"CS00068	0.025	NC_017592.1	1	2036867	788434	791062	38.8372	41.8214	35.7	34.7"
"CS00068	0.05	NC_017592.1	1	2036867	1576423	998385	49.0157	83.5783	35.7	34.7"
"CS00068	0.075	NC_017592.1	1	2036867	2364042	1127195	55.3396	125.32	35.7	34.7"
"CS00068	0.125	NC_017592.1	1	2036867	3939057	1279640	62.8239	208.89	35.7	34.7"
"CS00068	0.1	NC_017592.1	1	2036867	3150684	1212281	59.5169	167.073	35.7	34.7"
"CS00068	0.25	NC_017592.1	1	2036867	7875412	1464512	71.9002	417.688	35.7	34.7"
"CS00068	0.5	NC_017592.1	1	2036867	15754893	1623067	79.6845	835.582	35.7	34.7"
"CS00068	1.0	NC_017592.1	1	2036867	31501941	1755875	86.2047	1669.81	35.7	34.7"
"CS00069	0.025	NC_017592.1	1	2036867	541392	409180	20.0887	19.6147	35.7	19.2"
"CS00069	0.05	NC_017592.1	1	2036867	1084122	570760	28.0215	39.349	35.7	19.2"
"CS00069	0.075	NC_017592.1	1	2036867	1628129	678806	33.326	59.0859	35.7	19.2"
"CS00069	0.125	NC_017592.1	1	2036867	2713220	823146	40.4124	98.5175	35.7	19.2"
"CS00069	0.1	NC_017592.1	1	2036867	2170257	761440	37.3829	78.7903	35.7	19.2"
"CS00069	0.25	NC_017592.1	1	2036867	5430234	1026783	50.4099	197.192	35.7	19.3"
"CS00069	0.5	NC_017592.1	1	2036867	10862577	1241983	60.9752	394.426	35.7	19.3"
"CS00069	1.0	NC_017592.1	1	2036867	21721562	1426691	70.0434	788.594	35.7	19.3"
"CS00070	0.025	NC_017592.1	1	2036867	294266	111262	5.46241	4.52503	35.4	4.84"
"CS00070	0.05	NC_017592.1	1	2036867	587160	158723	7.79251	9.01919	35.4	4.87"
"CS00070	0.075	NC_017592.1	1	2036867	880764	201073	9.87168	13.5325	35.4	4.88"
"CS00070	0.125	NC_017592.1	1	2036867	1470454	267198	13.1181	22.5704	35.4	4.88"
"CS00070	0.1	NC_017592.1	1	2036867	1174170	236925	11.6318	18.0302	35.4	4.88"
"CS00070	0.25	NC_017592.1	1	2036867	2943768	367308	18.033	45.1939	35.4	4.91"
"CS00070	0.5	NC_017592.1	1	2036867	5882614	496799	24.3904	90.2904	35.4	4.92"
"CS00070	1.0	NC_017592.1	1	2036867	11763663	635923	31.2206	180.476	35.4	4.91"
"CS00071	0.025	NC_017592.1	1	2036867	297493	31770	1.55975	3.57324	35.5	5.76"
"CS00071	0.05	NC_017592.1	1	2036867	593539	45228	2.22047	7.12908	35.5	5.73"
"CS00071	0.075	NC_017592.1	1	2036867	889415	56773	2.78727	10.6871	35.5	5.74"
"CS00071	0.125	NC_017592.1	1	2036867	1482423	71868	3.52836	17.8081	35.5	5.75"
"CS00071	0.1	NC_017592.1	1	2036867	1185738	64173	3.15057	14.245	35.5	5.75"
"CS00071	0.25	NC_017592.1	1	2036867	2967987	96450	4.73521	35.6526	35.5	5.75"
"CS00071	0.5	NC_017592.1	1	2036867	5930998	130414	6.40268	71.2436	35.5	5.75"
"CS00071	1.0	NC_017592.1	1	2036867	11862041	174434	8.56384	142.481	35.5	5.75"
"CS00072	0.025	NC_017592.1	1	2036867	1938030	1332908	65.4391	107.94	35.6	44.6"
"CS00072	0.05	NC_017592.1	1	2036867	3876132	1526989	74.9675	215.931	35.6	44.6"
"CS00072	0.075	NC_017592.1	1	2036867	5812708	1628914	79.9715	323.888	35.6	44.6"
"CS00072	0.125	NC_017592.1	1	2036867	9689690	1735287	85.1939	540.034	35.6	44.6"
"CS00072	0.1	NC_017592.1	1	2036867	7752960	1690922	83.0158	432.03	35.6	44.6"
"CS00072	0.25	NC_017592.1	1	2036867	19376192	1835409	90.1094	1079.89	35.6	44.6"
"CS00072	0.5	NC_017592.1	1	2036867	38752723	1896758	93.1213	2159.5	35.6	44.6"
"CS00072	1.0	NC_017592.1	1	2036867	77485054	1929820	94.7445	4310.62	35.6	44.6"
"CS00073	0.025	NC_017592.1	1	2036867	1183017	840097	41.2446	60.5688	35.7	36"
"CS00073	0.05	NC_017592.1	1	2036867	2367213	1049583	51.5293	121.225	35.7	36"
"CS00073	0.075	NC_017592.1	1	2036867	3551939	1167380	57.3125	181.867	35.7	36"
"CS00073	0.125	NC_017592.1	1	2036867	5919348	1306879	64.1612	303.168	35.7	36"
"CS00073	0.1	NC_017592.1	1	2036867	4735383	1246817	61.2125	242.497	35.7	36"
"CS00073	0.25	NC_017592.1	1	2036867	11840223	1484129	72.8633	606.424	35.7	36"
"CS00073	0.5	NC_017592.1	1	2036867	23690827	1631782	80.1123	1213.47	35.7	36"
"CS00073	1.0	NC_017592.1	1	2036867	47373695	1750203	85.9262	2426.69	35.7	36"
"CS00074	0.025	NC_017592.1	1	2036867	486035	325868	15.9985	15.2252	35.7	16.1"
"CS00074	0.05	NC_017592.1	1	2036867	972094	443275	21.7626	30.4243	35.7	16.1"
"CS00074	0.075	NC_017592.1	1	2036867	1458521	524002	25.7259	45.6942	35.7	16.1"
"CS00074	0.125	NC_017592.1	1	2036867	2430538	647064	31.7676	76.1092	35.7	16.1"
"CS00074	0.1	NC_017592.1	1	2036867	1943823	592640	29.0957	60.9081	35.7	16.1"
"CS00074	0.25	NC_017592.1	1	2036867	4860589	823018	40.4061	152.191	35.7	16.1"
"CS00074	0.5	NC_017592.1	1	2036867	9722601	1000977	49.143	304.477	35.7	16.1"
"CS00074	1.0	NC_017592.1	1	2036867	19446066	1172829	57.58	608.917	35.7	16.1"
"CS00075	0.025	NC_017592.1	1	2036867	388399	108826	5.34281	5.32173	35.4	4.83"
"CS00075	0.05	NC_017592.1	1	2036867	775545	159990	7.85471	10.6163	35.4	4.82"
"CS00075	0.075	NC_017592.1	1	2036867	1162644	196950	9.66926	15.9191	35.4	4.82"
"CS00075	0.125	NC_017592.1	1	2036867	1937581	250491	12.2979	26.5342	35.4	4.82"
"CS00075	0.1	NC_017592.1	1	2036867	1549631	226243	11.1074	21.2193	35.4	4.82"
"CS00075	0.25	NC_017592.1	1	2036867	3879381	341795	16.7804	53.1121	35.4	4.81"
"CS00075	0.5	NC_017592.1	1	2036867	7763579	445037	21.8491	106.322	35.4	4.81"
"CS00075	1.0	NC_017592.1	1	2036867	15539684	568463	27.9087	212.705	35.4	4.82"
"CS00076	0.025	NC_017592.1	1	2036867	452001	25004	1.22757	5.61623	35.4	3.63"
"CS00076	0.05	NC_017592.1	1	2036867	902195	37996	1.86541	11.2124	35.4	3.63"
"CS00076	0.075	NC_017592.1	1	2036867	1351638	49214	2.41616	16.7966	35.4	3.63"
"CS00076	0.125	NC_017592.1	1	2036867	2250535	63722	3.12843	27.9679	35.4	3.64"
"CS00076	0.1	NC_017592.1	1	2036867	1801272	57050	2.80087	22.3827	35.4	3.64"
"CS00076	0.25	NC_017592.1	1	2036867	4504590	88952	4.3671	55.9779	35.4	3.64"
"CS00076	0.5	NC_017592.1	1	2036867	9009235	119286	5.85635	111.949	35.4	3.65"
"CS00076	1.0	NC_017592.1	1	2036867	18011989	157848	7.74955	223.832	35.4	3.65"
"CS00153	0.025	NC_017592.1	1	2036867	552096	424358	20.8339	27.8246	35.7	47"
"CS00153	0.05	NC_017592.1	1	2036867	1104937	578957	28.4239	55.7351	35.7	47"
"CS00153	0.075	NC_017592.1	1	2036867	1657440	676628	33.2191	83.6266	35.7	47"
"CS00153	0.125	NC_017592.1	1	2036867	2764319	798854	39.2197	139.445	35.7	47"
"CS00153	0.1	NC_017592.1	1	2036867	2209540	749409	36.7922	111.489	35.7	47"
"CS00153	0.25	NC_017592.1	1	2036867	5524007	957380	47.0026	278.604	35.7	47"
"CS00153	0.5	NC_017592.1	1	2036867	11043517	1079296	52.988	556.891	35.7	47"
"CS00153	1.0	NC_017592.1	1	2036867	22085872	1174747	57.6742	1113.76	35.7	47"
"CS00154	0.025	NC_017592.1	1	2036867	635311	533135	26.1743	30.0683	35.7	46"
"CS00154	0.05	NC_017592.1	1	2036867	1271298	701117	34.4213	60.1281	35.7	46"
"CS00154	0.075	NC_017592.1	1	2036867	1906101	810567	39.7948	90.1634	35.7	46"
"CS00154	0.125	NC_017592.1	1	2036867	3175068	935875	45.9468	150.138	35.7	46"
"CS00154	0.1	NC_017592.1	1	2036867	2539573	882626	43.3325	120.106	35.7	46"
"CS00154	0.25	NC_017592.1	1	2036867	6353919	1108986	54.4457	300.426	35.7	46"
"CS00154	0.5	NC_017592.1	1	2036867	12704895	1254071	61.5686	600.637	35.7	46"
"CS00154	1.0	NC_017592.1	1	2036867	25406430	1369675	67.2442	1192.25	35.7	46"
"CS00155	0.025	NC_017592.1	1	2036867	403558	515733	25.3199	19.7554	35.7	48.8"
"CS00155	0.05	NC_017592.1	1	2036867	806398	709484	34.8321	39.4707	35.7	48.8"
"CS00155	0.075	NC_017592.1	1	2036867	1209887	823833	40.4461	59.2249	35.7	48.8"
"CS00155	0.125	NC_017592.1	1	2036867	2018995	969308	47.5882	98.8687	35.7	48.8"
"CS00155	0.1	NC_017592.1	1	2036867	1614283	906434	44.5014	79.0309	35.7	48.8"
"CS00155	0.25	NC_017592.1	1	2036867	4037147	1127384	55.3489	197.71	35.6	48.8"
"CS00155	0.5	NC_017592.1	1	2036867	8070851	1216990	59.7481	395.333	35.7	48.8"
"CS00155	1.0	NC_017592.1	1	2036867	16142370	1281196	62.9003	790.772	35.7	48.8"
"CS00156	0.025	NC_017592.1	1	2036867	909886	714447	35.0758	44.1648	35.8	49.5"
"CS00156	0.05	NC_017592.1	1	2036867	1816198	913776	44.8618	88.1277	35.8	49.5"
"CS00156	0.075	NC_017592.1	1	2036867	2725007	1022272	50.1885	132.211	35.8	49.5"
"CS00156	0.125	NC_017592.1	1	2036867	4536663	1135324	55.7387	220.19	35.8	49.5"
"CS00156	0.1	NC_017592.1	1	2036867	3630871	1088451	53.4375	176.177	35.8	49.5"
"CS00156	0.25	NC_017592.1	1	2036867	9071184	1245261	61.1361	440.284	35.8	49.5"
"CS00156	0.5	NC_017592.1	1	2036867	18156121	1325832	65.0917	881.466	35.8	49.5"
"CS00156	1.0	NC_017592.1	1	2036867	36295125	1388908	68.1884	1716.35	35.8	49.5"
"CS00157	0.025	NC_017592.1	1	2036867	957090	462270	22.6951	54.1529	35.6	52.8"
"CS00157	0.05	NC_017592.1	1	2036867	1913959	563562	27.6681	108.311	35.6	52.8"
"CS00157	0.075	NC_017592.1	1	2036867	2871726	636067	31.2277	162.482	35.6	52.8"
"CS00157	0.125	NC_017592.1	1	2036867	4786121	745145	36.5829	270.802	35.6	52.8"
"CS00157	0.1	NC_017592.1	1	2036867	3828317	696829	34.2108	216.619	35.6	52.8"
"CS00157	0.25	NC_017592.1	1	2036867	9575963	899308	44.1515	541.769	35.6	52.8"
"CS00157	0.5	NC_017592.1	1	2036867	19156146	1059745	52.0282	1083.87	35.6	52.8"
"CS00157	1.0	NC_017592.1	1	2036867	38310779	1206508	59.2335	2167.59	35.6	52.8"
"CS00158	0.025	NC_017592.1	1	2036867	1039021	694822	34.1123	51.443	35.7	46.3"
"CS00158	0.05	NC_017592.1	1	2036867	2077664	877589	43.0852	102.869	35.7	46.3"
"CS00158	0.075	NC_017592.1	1	2036867	3117124	983825	48.3009	154.358	35.7	46.3"
"CS00158	0.125	NC_017592.1	1	2036867	5193845	1102315	54.1182	257.116	35.7	46.2"
"CS00158	0.1	NC_017592.1	1	2036867	4155644	1051710	51.6337	205.744	35.7	46.2"
"CS00158	0.25	NC_017592.1	1	2036867	10385497	1240244	60.8898	514.1	35.7	46.3"
"CS00158	0.5	NC_017592.1	1	2036867	20770144	1358234	66.6825	1028.13	35.7	46.2"
"CS00158	1.0	NC_017592.1	1	2036867	41548109	1445370	70.9605	2023.77	35.7	46.3"
"CS00159	0.025	NC_017592.1	1	2036867	421737	316755	15.5511	23.803	35.6	50.8"
"CS00159	0.05	NC_017592.1	1	2036867	845658	395390	19.4117	47.756	35.6	50.8"
"CS00159	0.075	NC_017592.1	1	2036867	1268397	446489	21.9204	71.5964	35.6	50.8"
"CS00159	0.125	NC_017592.1	1	2036867	2114016	524633	25.7569	119.312	35.6	50.8"
"CS00159	0.1	NC_017592.1	1	2036867	1691760	489840	24.0487	95.4763	35.6	50.8"
"CS00159	0.25	NC_017592.1	1	2036867	4222179	644217	31.6278	238.308	35.6	50.8"
"CS00159	0.5	NC_017592.1	1	2036867	8445734	775420	38.0693	476.717	35.6	50.8"
"CS00159	1.0	NC_017592.1	1	2036867	16901858	934676	45.8879	954.017	35.6	50.8"
"CS00160	0.025	NC_017592.1	1	2036867	424774	376408	18.4798	21.8912	35.4	46.9"
"CS00160	0.05	NC_017592.1	1	2036867	849230	489335	24.0239	43.7495	35.4	46.9"
"CS00160	0.075	NC_017592.1	1	2036867	1270947	569856	27.9771	65.4905	35.4	46.9"
"CS00160	0.125	NC_017592.1	1	2036867	2120493	691148	33.9319	109.289	35.4	46.9"
"CS00160	0.1	NC_017592.1	1	2036867	1695816	633958	31.1242	87.3973	35.4	46.9"
"CS00160	0.25	NC_017592.1	1	2036867	4243669	864246	42.4302	218.688	35.4	46.9"
"CS00160	0.5	NC_017592.1	1	2036867	8485341	1035712	50.8483	437.298	35.4	46.9"
"CS00160	1.0	NC_017592.1	1	2036867	16968370	1184074	58.1321	874.415	35.4	46.9"
"CS00161	0.025	NC_017592.1	1	2036867	422302	536461	26.3376	20.6842	35.7	45.1"
"CS00161	0.05	NC_017592.1	1	2036867	844677	709886	34.8519	41.3724	35.7	45.1"
"CS00161	0.075	NC_017592.1	1	2036867	1266381	813453	39.9365	62.0484	35.7	45.1"
"CS00161	0.125	NC_017592.1	1	2036867	2113873	939694	46.1343	103.536	35.7	45.1"
"CS00161	0.1	NC_017592.1	1	2036867	1690176	886214	43.5087	82.8079	35.7	45.1"
"CS00161	0.25	NC_017592.1	1	2036867	4229056	1088898	53.4595	207.15	35.7	45.1"
"CS00161	0.5	NC_017592.1	1	2036867	8460254	1211482	59.4777	414.403	35.7	45.1"
"CS00161	1.0	NC_017592.1	1	2036867	16915296	1314328	64.5269	828.466	35.7	45.1"
"CS00162	0.025	NC_017592.1	1	2036867	440613	649868	31.9053	25.9198	35.6	28.7"
"CS00162	0.05	NC_017592.1	1	2036867	878701	841232	41.3003	51.7454	35.6	28.8"
"CS00162	0.075	NC_017592.1	1	2036867	1317567	955681	46.9192	77.5342	35.6	28.8"
"CS00162	0.125	NC_017592.1	1	2036867	2195471	1110779	54.5337	129.224	35.6	28.8"
"CS00162	0.1	NC_017592.1	1	2036867	1755802	1041564	51.1356	103.345	35.6	28.8"
"CS00162	0.25	NC_017592.1	1	2036867	4390131	1321694	64.8886	258.374	35.6	28.8"
"CS00162	0.5	NC_017592.1	1	2036867	8782867	1513454	74.303	516.892	35.6	28.8"
"CS00162	1.0	NC_017592.1	1	2036867	17565601	1665001	81.7432	1033.86	35.6	28.8"
"CS00163	0.025	NC_017592.1	1	2036867	253501	657082	32.2594	14.9492	35.5	31.7"
"CS00163	0.05	NC_017592.1	1	2036867	506840	788687	38.7206	29.9127	35.5	31.8"
"CS00163	0.075	NC_017592.1	1	2036867	758977	870721	42.7481	44.8093	35.5	31.8"
"CS00163	0.125	NC_017592.1	1	2036867	1264511	969043	47.5752	74.626	35.5	31.8"
"CS00163	0.1	NC_017592.1	1	2036867	1012626	927022	45.5122	59.7815	35.5	31.8"
"CS00163	0.25	NC_017592.1	1	2036867	2529453	1103265	54.1648	149.263	35.5	31.8"
"CS00163	0.5	NC_017592.1	1	2036867	5061046	1226290	60.2047	298.517	35.5	31.8"
"CS00163	1.0	NC_017592.1	1	2036867	10131921	1336011	65.5915	597.498	35.5	31.8"
"CS00164	0.025	NC_017592.1	1	2036867	507645	792626	38.914	29.7654	35.5	24.2"
"CS00164	0.05	NC_017592.1	1	2036867	1016172	959839	47.1233	59.6155	35.5	24.1"
"CS00164	0.075	NC_017592.1	1	2036867	1524959	1055353	51.8126	89.4602	35.5	24.1"
"CS00164	0.125	NC_017592.1	1	2036867	2541592	1180204	57.9421	149.131	35.5	24.1"
"CS00164	0.1	NC_017592.1	1	2036867	2033436	1126239	55.2927	119.322	35.5	24.1"
"CS00164	0.25	NC_017592.1	1	2036867	5079443	1339548	65.7651	298.092	35.5	24.1"
"CS00164	0.5	NC_017592.1	1	2036867	10163232	1494312	73.3633	596.447	35.5	24.1"
"CS00164	1.0	NC_017592.1	1	2036867	20329443	1623391	79.7004	1193.09	35.5	24.1"
"CS00165	0.025	NC_017592.1	1	2036867	1110257	313512	15.3919	27.6547	35.4	9.93"
"CS00165	0.05	NC_017592.1	1	2036867	2220082	407470	20.0047	55.3816	35.4	9.94"
"CS00165	0.075	NC_017592.1	1	2036867	3328387	473927	23.2674	83.0165	35.4	9.95"
"CS00165	0.125	NC_017592.1	1	2036867	5543004	561319	27.558	138.137	35.4	9.92"
"CS00165	0.1	NC_017592.1	1	2036867	4437208	523780	25.715	110.573	35.4	9.93"
"CS00165	0.25	NC_017592.1	1	2036867	11096337	674870	33.1327	276.543	35.4	9.92"
"CS00165	0.5	NC_017592.1	1	2036867	22187328	798229	39.1891	551.942	35.4	9.92"
"CS00165	1.0	NC_017592.1	1	2036867	44359054	915201	44.9318	941.255	35.5	9.92"
"CS00166	0.025	NC_017592.1	1	2036867	670143	919098	45.1231	40.2377	35.4	43.2"
"CS00166	0.05	NC_017592.1	1	2036867	1341240	1046401	51.3731	80.5544	35.4	43.2"
"CS00166	0.075	NC_017592.1	1	2036867	2011595	1122512	55.1097	120.822	35.4	43.2"
"CS00166	0.125	NC_017592.1	1	2036867	3354450	1208042	59.3088	201.464	35.4	43.2"
"CS00166	0.1	NC_017592.1	1	2036867	2683798	1173124	57.5945	161.19	35.4	43.2"
"CS00166	0.25	NC_017592.1	1	2036867	6710041	1317487	64.682	403.06	35.4	43.2"
"CS00166	0.5	NC_017592.1	1	2036867	13416969	1414090	69.4248	805.892	35.4	43.2"
"CS00166	1.0	NC_017592.1	1	2036867	26832315	1498038	73.5462	1611.72	35.4	43.2"
"CS00167	0.025	NC_017592.1	1	2036867	627355	633890	31.1208	32.7176	35.6	18.4"
"CS00167	0.05	NC_017592.1	1	2036867	1255928	795147	39.0377	65.4787	35.6	18.4"
"CS00167	0.075	NC_017592.1	1	2036867	1886258	896064	43.9923	98.2867	35.6	18.4"
"CS00167	0.125	NC_017592.1	1	2036867	3145639	1016769	49.9183	163.905	35.6	18.4"
"CS00167	0.1	NC_017592.1	1	2036867	2515588	963394	47.2978	131.099	35.6	18.4"
"CS00167	0.25	NC_017592.1	1	2036867	6297424	1172662	57.5718	328.072	35.6	18.4"
"CS00167	0.5	NC_017592.1	1	2036867	12584178	1301107	63.8779	655.59	35.6	18.4"
"CS00167	1.0	NC_017592.1	1	2036867	25161249	1408802	69.1651	1310.9	35.6	18.4"
"CS00168	0.025	NC_017592.1	1	2036867	540540	944905	46.3901	32.5032	35.5	40.1"
"CS00168	0.05	NC_017592.1	1	2036867	1081493	1082940	53.1669	65.0489	35.5	40.2"
"CS00168	0.075	NC_017592.1	1	2036867	1622787	1159382	56.9199	97.591	35.5	40.1"
"CS00168	0.125	NC_017592.1	1	2036867	2709830	1250948	61.4153	162.937	35.5	40.1"
"CS00168	0.1	NC_017592.1	1	2036867	2166444	1210109	59.4103	130.263	35.5	40.1"
"CS00168	0.25	NC_017592.1	1	2036867	5414143	1363819	66.9567	325.551	35.5	40.1"
"CS00168	0.5	NC_017592.1	1	2036867	10818423	1466477	71.9967	650.481	35.5	40.1"
"CS00168	1.0	NC_017592.1	1	2036867	21636143	1548009	75.9995	1300.9	35.5	40.1"
"CS00169	0.025	NC_017592.1	1	2036867	846826	956958	46.9819	49.1679	35.6	30.8"
"CS00169	0.05	NC_017592.1	1	2036867	1697248	1100577	54.0328	98.492	35.6	30.8"
"CS00169	0.075	NC_017592.1	1	2036867	2544692	1181859	58.0234	147.633	35.6	30.8"
"CS00169	0.125	NC_017592.1	1	2036867	4239608	1287509	63.2103	245.948	35.6	30.8"
"CS00169	0.1	NC_017592.1	1	2036867	3392364	1242302	60.9908	196.795	35.6	30.8"
"CS00169	0.25	NC_017592.1	1	2036867	8486515	1396620	68.5671	492.388	35.6	30.8"
"CS00169	0.5	NC_017592.1	1	2036867	16961914	1484102	72.862	984.021	35.6	30.8"
"CS00169	1.0	NC_017592.1	1	2036867	33907689	1550627	76.128	1966.97	35.6	30.8"
"CS00170	0.025	NC_017592.1	1	2036867	607163	802074	39.3778	34.7898	35.3	23.9"
"CS00170	0.05	NC_017592.1	1	2036867	1215758	967298	47.4895	69.662	35.3	23.9"
"CS00170	0.075	NC_017592.1	1	2036867	1824559	1054792	51.785	104.54	35.3	23.9"
"CS00170	0.125	NC_017592.1	1	2036867	3041273	1165597	57.225	174.284	35.3	23.9"
"CS00170	0.1	NC_017592.1	1	2036867	2433758	1118158	54.896	139.447	35.3	23.9"
"CS00170	0.25	NC_017592.1	1	2036867	6085167	1303733	64.0068	348.755	35.3	23.9"
"CS00170	0.5	NC_017592.1	1	2036867	12168184	1427518	70.084	697.37	35.3	23.9"
"CS00170	1.0	NC_017592.1	1	2036867	24339248	1519948	74.6219	1394.69	35.3	23.9"
"CS00171	0.025	NC_017592.1	1	2036867	1018394	48214	2.36707	14.0508	35	0.9"
"CS00171	0.05	NC_017592.1	1	2036867	2035970	67583	3.31799	28.0804	35	0.896"
"CS00171	0.075	NC_017592.1	1	2036867	3053959	85655	4.20523	42.1218	35	0.896"
"CS00171	0.125	NC_017592.1	1	2036867	5088507	114118	5.60262	70.19	35	0.898"
"CS00171	0.1	NC_017592.1	1	2036867	4073598	103064	5.05993	56.1869	35	0.896"
"CS00171	0.25	NC_017592.1	1	2036867	10169149	161611	7.93429	140.223	35	0.905"
"CS00171	0.5	NC_017592.1	1	2036867	20339454	219565	10.7795	244.799	35	0.9"
"CS00171	1.0	NC_017592.1	1	2036867	40686580	285926	14.0375	303.236	35	0.901"
"CS00172	0.025	NC_017592.1	1	2036867	828199	34106	1.67443	11.1994	34.8	1.14"
"CS00172	0.05	NC_017592.1	1	2036867	1652145	48045	2.35877	22.3332	34.8	1.15"
"CS00172	0.075	NC_017592.1	1	2036867	2479124	57764	2.83592	33.5164	34.8	1.14"
"CS00172	0.125	NC_017592.1	1	2036867	4128201	76168	3.73947	55.8081	34.8	1.14"
"CS00172	0.1	NC_017592.1	1	2036867	3303048	68137	3.34519	44.651	34.8	1.14"
"CS00172	0.25	NC_017592.1	1	2036867	8256844	116558	5.72242	111.644	34.8	1.14"
"CS00172	0.5	NC_017592.1	1	2036867	16513456	156569	7.68676	222.838	34.8	1.14"
"CS00172	1.0	NC_017592.1	1	2036867	33029294	208131	10.2182	286.194	34.8	1.14"
"CS00173	0.025	NC_017592.1	1	2036867	1248008	16190	0.794848	16.4337	34.8	0.971"
"CS00173	0.05	NC_017592.1	1	2036867	2492709	21019	1.03193	32.8259	34.8	0.969"
"CS00173	0.075	NC_017592.1	1	2036867	3739362	24548	1.20518	49.2426	34.8	0.968"
"CS00173	0.125	NC_017592.1	1	2036867	6235182	30371	1.49106	82.1058	34.8	0.971"
"CS00173	0.1	NC_017592.1	1	2036867	4984735	27750	1.36239	65.644	34.8	0.969"
"CS00173	0.25	NC_017592.1	1	2036867	12469770	39234	1.92619	164.2	34.8	0.968"
"CS00173	0.5	NC_017592.1	1	2036867	24956305	51975	2.55171	265.716	34.8	0.97"
"CS00173	1.0	NC_017592.1	1	2036867	49899657	67968	3.33689	322.597	34.8	0.968"
"CS00174	0.025	NC_017592.1	1	2036867	1339400	1663974	81.6928	84.9322	35.4	52.6"
"CS00174	0.05	NC_017592.1	1	2036867	2678029	1806202	88.6755	169.811	35.4	52.7"
"CS00174	0.075	NC_017592.1	1	2036867	4015911	1862465	91.4377	254.582	35.4	52.7"
"CS00174	0.125	NC_017592.1	1	2036867	6693284	1902923	93.424	424.327	35.4	52.7"
"CS00174	0.1	NC_017592.1	1	2036867	5353564	1887478	92.6657	339.382	35.4	52.7"
"CS00174	0.25	NC_017592.1	1	2036867	13383289	1928256	94.6677	848.314	35.4	52.7"
"CS00174	0.5	NC_017592.1	1	2036867	26775575	1935919	95.044	1697.16	35.4	52.7"
"CS00174	1.0	NC_017592.1	1	2036867	53553299	1937638	95.1284	3394.36	35.4	52.7"
"CS00175	0.025	NC_017592.1	1	2036867	1028777	1498416	73.5647	65.2133	35.5	52.5"
"CS00175	0.05	NC_017592.1	1	2036867	2057379	1706918	83.8012	130.412	35.5	52.5"
"CS00175	0.075	NC_017592.1	1	2036867	3083799	1792624	88.0089	195.511	35.5	52.5"
"CS00175	0.125	NC_017592.1	1	2036867	5137627	1866134	91.6179	325.743	35.5	52.5"
"CS00175	0.1	NC_017592.1	1	2036867	4110666	1839567	90.3136	260.61	35.5	52.5"
"CS00175	0.25	NC_017592.1	1	2036867	10271270	1916142	94.073	651.268	35.5	52.5"
"CS00175	0.5	NC_017592.1	1	2036867	20548687	1933770	94.9385	1302.9	35.5	52.5"
"CS00175	1.0	NC_017592.1	1	2036867	41085379	1936894	95.0918	2604.91	35.5	52.5"
"CS00176	0.025	NC_017592.1	1	2036867	1077447	1397789	68.6245	68.11	35.5	53.3"
"CS00176	0.05	NC_017592.1	1	2036867	2154219	1572619	77.2077	136.159	35.5	53.3"
"CS00176	0.075	NC_017592.1	1	2036867	3230181	1658318	81.4151	204.201	35.5	53.3"
"CS00176	0.125	NC_017592.1	1	2036867	5384899	1743493	85.5968	340.393	35.5	53.3"
"CS00176	0.1	NC_017592.1	1	2036867	4308158	1709716	83.9385	272.336	35.5	53.3"
"CS00176	0.25	NC_017592.1	1	2036867	10765238	1830950	89.8905	680.538	35.5	53.3"
"CS00176	0.5	NC_017592.1	1	2036867	21540288	1891317	92.8542	1361.7	35.5	53.3"
"CS00176	1.0	NC_017592.1	1	2036867	43102153	1923298	94.4243	2724.73	35.5	53.3"
"CS00177	0.025	NC_017592.1	1	2036867	931233	744577	36.555	55.1617	35.6	33"
"CS00177	0.05	NC_017592.1	1	2036867	1863182	863587	42.3978	110.353	35.6	33"
"CS00177	0.075	NC_017592.1	1	2036867	2796039	928813	45.6001	165.623	35.6	33"
"CS00177	0.125	NC_017592.1	1	2036867	4661864	1019970	50.0754	276.141	35.6	33"
"CS00177	0.1	NC_017592.1	1	2036867	3727300	978535	48.0412	220.778	35.6	33"
"CS00177	0.25	NC_017592.1	1	2036867	9328853	1141173	56.0259	552.639	35.6	33"
"CS00177	0.5	NC_017592.1	1	2036867	18662273	1255639	61.6456	1105.62	35.6	33"
"CS00177	1.0	NC_017592.1	1	2036867	37333454	1356359	66.5905	2211.49	35.6	33"
"CS00178	0.025	NC_017592.1	1	2036867	673325	930609	45.6883	40.0322	35.6	33.9"
"CS00178	0.05	NC_017592.1	1	2036867	1349089	1069241	52.4944	80.2121	35.6	34"
"CS00178	0.075	NC_017592.1	1	2036867	2024778	1148597	56.3904	120.401	35.6	34"
"CS00178	0.125	NC_017592.1	1	2036867	3370893	1243487	61.049	200.408	35.6	34"
"CS00178	0.1	NC_017592.1	1	2036867	2698493	1201117	58.9688	160.45	35.6	34"
"CS00178	0.25	NC_017592.1	1	2036867	6738630	1360805	66.8087	400.671	35.6	34"
"CS00178	0.5	NC_017592.1	1	2036867	13468601	1457361	71.5491	801	35.6	34"
"CS00178	1.0	NC_017592.1	1	2036867	26949429	1535517	75.3862	1602.56	35.6	34"
"CS00179	0.025	NC_017592.1	1	2036867	717793	776917	38.1427	41.7633	35.6	32.3"
"CS00179	0.05	NC_017592.1	1	2036867	1437251	916945	45.0174	83.6514	35.6	32.2"
"CS00179	0.075	NC_017592.1	1	2036867	2154746	995161	48.8574	125.438	35.6	32.2"
"CS00179	0.125	NC_017592.1	1	2036867	3594287	1100181	54.0134	209.241	35.6	32.2"
"CS00179	0.1	NC_017592.1	1	2036867	2876067	1053023	51.6982	167.425	35.6	32.2"
"CS00179	0.25	NC_017592.1	1	2036867	7176460	1230686	60.4205	417.784	35.6	32.3"
"CS00179	0.5	NC_017592.1	1	2036867	14363378	1351570	66.3553	836.204	35.6	32.3"
"CS00179	1.0	NC_017592.1	1	2036867	28732001	1447066	71.0437	1672.63	35.6	32.3"
"CS00180	0.025	NC_017592.1	1	2036867	576259	534752	26.2537	33.0968	35.6	28.5"
"CS00180	0.05	NC_017592.1	1	2036867	1151198	650824	31.9522	66.1298	35.6	28.5"
"CS00180	0.075	NC_017592.1	1	2036867	1724152	722969	35.4942	99.0566	35.6	28.5"
"CS00180	0.125	NC_017592.1	1	2036867	2872291	813780	39.9525	165.01	35.6	28.5"
"CS00180	0.1	NC_017592.1	1	2036867	2297812	775671	38.0816	132.006	35.6	28.5"
"CS00180	0.25	NC_017592.1	1	2036867	5743075	933816	45.8457	329.816	35.6	28.5"
"CS00180	0.5	NC_017592.1	1	2036867	11491036	1054058	51.749	659.776	35.6	28.5"
"CS00180	1.0	NC_017592.1	1	2036867	22980690	1164559	57.174	1319.35	35.6	28.5"
"CS00181	0.025	NC_017592.1	1	2036867	183223	407866	20.0242	10.4558	35.6	18.7"
"CS00181	0.05	NC_017592.1	1	2036867	364736	494418	24.2735	20.8002	35.6	18.6"
"CS00181	0.075	NC_017592.1	1	2036867	545940	547579	26.8834	31.1068	35.6	18.7"
"CS00181	0.125	NC_017592.1	1	2036867	910012	623035	30.5879	51.8497	35.6	18.6"
"CS00181	0.1	NC_017592.1	1	2036867	728290	588822	28.9082	41.4807	35.6	18.7"
"CS00181	0.25	NC_017592.1	1	2036867	1821795	734212	36.0461	103.76	35.6	18.6"
"CS00181	0.5	NC_017592.1	1	2036867	3640432	844481	41.4598	207.206	35.6	18.6"
"CS00181	1.0	NC_017592.1	1	2036867	7278554	952275	46.7519	414.244	35.6	18.6"
"CS00182	0.025	NC_017592.1	1	2036867	905580	978655	48.0471	53.3513	35.5	34.8"
"CS00182	0.05	NC_017592.1	1	2036867	1808161	1100403	54.0243	106.506	35.5	34.7"
"CS00182	0.075	NC_017592.1	1	2036867	2709868	1168268	57.3561	159.652	35.5	34.7"
"CS00182	0.125	NC_017592.1	1	2036867	4517532	1254580	61.5936	266.221	35.5	34.8"
"CS00182	0.1	NC_017592.1	1	2036867	3615477	1212829	59.5438	213.053	35.5	34.8"
"CS00182	0.25	NC_017592.1	1	2036867	9030923	1364666	66.9983	532.215	35.5	34.8"
"CS00182	0.5	NC_017592.1	1	2036867	18065807	1457572	71.5595	1064.81	35.5	34.8"
"CS00182	1.0	NC_017592.1	1	2036867	36131925	1536906	75.4544	2129.74	35.5	34.8"
"CS00183	0.025	NC_017592.1	1	2036867	19923	14777	0.725477	0.259843	35.2	4.3"
"CS00183	0.05	NC_017592.1	1	2036867	39887	21433	1.05225	0.519143	35.2	4.13"
"CS00183	0.075	NC_017592.1	1	2036867	60154	27146	1.33273	0.782779	35.2	4.15"
"CS00183	0.125	NC_017592.1	1	2036867	100001	33992	1.66884	1.30156	35.2	4.17"
"CS00183	0.1	NC_017592.1	1	2036867	80045	30735	1.50894	1.04163	35.2	4.19"
"CS00183	0.25	NC_017592.1	1	2036867	200416	47566	2.33525	2.61052	35.2	4.19"
"CS00183	0.5	NC_017592.1	1	2036867	401995	62777	3.08204	5.23813	35.2	4.21"
"CS00183	1.0	NC_017592.1	1	2036867	804312	81266	3.98975	10.4793	35.2	4.21"
"CS00184	0.025	NC_017592.1	1	2036867	3519	6813	0.334484	0.0443775	35.5	8.24"
"CS00184	0.05	NC_017592.1	1	2036867	6863	11056	0.542794	0.0873901	35.5	8.1"
"CS00184	0.075	NC_017592.1	1	2036867	10325	13770	0.676038	0.131463	35.4	7.97"
"CS00184	0.125	NC_017592.1	1	2036867	17188	18360	0.901384	0.218463	35.4	8.05"
"CS00184	0.1	NC_017592.1	1	2036867	13739	16103	0.790577	0.174636	35.5	8.14"
"CS00184	0.25	NC_017592.1	1	2036867	34622	26932	1.32223	0.439907	35.4	8"
"CS00184	0.5	NC_017592.1	1	2036867	69941	38327	1.88166	0.887043	35.4	8"
"CS00184	1.0	NC_017592.1	1	2036867	139927	50984	2.50306	1.77281	35.4	8.07"
"CS00185	0.025	NC_017592.1	1	2036867	20526	15291	0.750712	0.264391	35.3	4.8"
"CS00185	0.05	NC_017592.1	1	2036867	40820	23442	1.15089	0.525373	35.3	4.87"
"CS00185	0.075	NC_017592.1	1	2036867	60988	28899	1.4188	0.785397	35.3	4.92"
"CS00185	0.125	NC_017592.1	1	2036867	101810	36865	1.80989	1.31101	35.3	4.94"
"CS00185	0.1	NC_017592.1	1	2036867	81298	33278	1.63378	1.0467	35.2	4.92"
"CS00185	0.25	NC_017592.1	1	2036867	203205	50694	2.48882	2.61674	35.2	4.92"
"CS00185	0.5	NC_017592.1	1	2036867	406730	66622	3.27081	5.23844	35.2	4.9"
"CS00185	1.0	NC_017592.1	1	2036867	814090	86262	4.23503	10.4859	35.2	4.89"
"CS00186	0.025	NC_017592.1	1	2036867	734574	478258	23.4801	39.1231	35.7	49.9"
"CS00186	0.05	NC_017592.1	1	2036867	1469174	614981	30.1925	78.2558	35.7	49.9"
"CS00186	0.075	NC_017592.1	1	2036867	2202668	700970	34.4141	117.313	35.7	49.8"
"CS00186	0.125	NC_017592.1	1	2036867	3670593	822762	40.3935	195.464	35.7	49.8"
"CS00186	0.1	NC_017592.1	1	2036867	2937025	768196	37.7146	156.414	35.7	49.8"
"CS00186	0.25	NC_017592.1	1	2036867	7340639	1010528	49.6119	390.952	35.7	49.8"
"CS00186	0.5	NC_017592.1	1	2036867	14681294	1170708	57.4759	781.865	35.7	49.8"
"CS00186	1.0	NC_017592.1	1	2036867	29381681	1304961	64.0671	1564.77	35.7	49.8"
"CS00187	0.025	NC_017592.1	1	2036867	642090	630642	30.9614	33.527	35.6	50.7"
"CS00187	0.05	NC_017592.1	1	2036867	1283507	835495	41.0186	67.0314	35.6	50.7"
"CS00187	0.075	NC_017592.1	1	2036867	1928279	956126	46.941	100.744	35.6	50.7"
"CS00187	0.125	NC_017592.1	1	2036867	3210531	1092786	53.6503	167.765	35.6	50.7"
"CS00187	0.1	NC_017592.1	1	2036867	2569137	1035441	50.835	134.214	35.6	50.7"
"CS00187	0.25	NC_017592.1	1	2036867	6423830	1253185	61.5251	335.675	35.6	50.7"
"CS00187	0.5	NC_017592.1	1	2036867	12837566	1362092	66.8719	670.799	35.6	50.7"
"CS00187	1.0	NC_017592.1	1	2036867	25681048	1444543	70.9198	1341.98	35.6	50.7"
"CS00188	0.025	NC_017592.1	1	2036867	1008979	549969	27.0007	54.7091	35.4	50.4"
"CS00188	0.05	NC_017592.1	1	2036867	2018500	738109	36.2375	109.469	35.4	50.4"
"CS00188	0.075	NC_017592.1	1	2036867	3028949	862006	42.3202	164.29	35.4	50.4"
"CS00188	0.125	NC_017592.1	1	2036867	5044485	1025333	50.3387	273.65	35.4	50.4"
"CS00188	0.1	NC_017592.1	1	2036867	4036215	955224	46.8967	218.925	35.4	50.4"
"CS00188	0.25	NC_017592.1	1	2036867	10095875	1225206	60.1515	547.89	35.4	50.4"
"CS00188	0.5	NC_017592.1	1	2036867	20185579	1384074	67.9511	1095.42	35.4	50.4"
"CS00188	1.0	NC_017592.1	1	2036867	40377275	1501650	73.7235	2164.89	35.4	50.4"
"CS00189	0.025	NC_017592.1	1	2036867	976181	552585	27.1292	51.1756	35.4	48.8"
"CS00189	0.05	NC_017592.1	1	2036867	1952038	746710	36.6597	102.386	35.4	48.8"
"CS00189	0.075	NC_017592.1	1	2036867	2926860	868313	42.6298	153.559	35.4	48.9"
"CS00189	0.125	NC_017592.1	1	2036867	4877684	1012918	49.7292	255.944	35.4	48.8"
"CS00189	0.1	NC_017592.1	1	2036867	3902757	951581	46.7179	204.767	35.4	48.9"
"CS00189	0.25	NC_017592.1	1	2036867	9762231	1193242	58.5822	512.284	35.4	48.8"
"CS00189	0.5	NC_017592.1	1	2036867	19529697	1337021	65.6411	1024.79	35.4	48.8"
"CS00189	1.0	NC_017592.1	1	2036867	39045613	1454978	71.4322	2002.8	35.4	48.8"
"CS00190	0.025	NC_017592.1	1	2036867	690878	659501	32.3782	36.1019	35.7	52"
"CS00190	0.05	NC_017592.1	1	2036867	1383638	864481	42.4417	72.278	35.7	52"
"CS00190	0.075	NC_017592.1	1	2036867	2076328	981315	48.1777	108.477	35.7	52"
"CS00190	0.125	NC_017592.1	1	2036867	3460580	1118293	54.9026	180.822	35.7	52"
"CS00190	0.1	NC_017592.1	1	2036867	2768438	1061622	52.1203	144.625	35.7	52"
"CS00190	0.25	NC_017592.1	1	2036867	6917095	1253044	61.5182	361.423	35.7	52"
"CS00190	0.5	NC_017592.1	1	2036867	13838432	1357721	66.6573	723.011	35.7	52"
"CS00190	1.0	NC_017592.1	1	2036867	27681335	1447188	71.0497	1446.14	35.7	52"
"CS00191	0.025	NC_017592.1	1	2036867	764716	615788	30.2321	43.6342	35.6	35.7"
"CS00191	0.05	NC_017592.1	1	2036867	1529212	709812	34.8482	87.2357	35.6	35.7"
"CS00191	0.075	NC_017592.1	1	2036867	2295357	770195	37.8127	130.962	35.6	35.7"
"CS00191	0.125	NC_017592.1	1	2036867	3831076	846260	41.5471	218.587	35.6	35.6"
"CS00191	0.1	NC_017592.1	1	2036867	3062858	812789	39.9039	174.755	35.6	35.7"
"CS00191	0.25	NC_017592.1	1	2036867	7665931	947852	46.5348	437.438	35.6	35.6"
"CS00191	0.5	NC_017592.1	1	2036867	15331068	1047706	51.4371	874.67	35.6	35.6"
"CS00191	1.0	NC_017592.1	1	2036867	30669214	1148620	56.3915	1749.68	35.6	35.6"
"CS00192	0.025	NC_017592.1	1	2036867	1220538	10012	0.491539	16.0124	34.8	1.39"
"CS00192	0.05	NC_017592.1	1	2036867	2440900	12047	0.591448	32.0219	34.8	1.38"
"CS00192	0.075	NC_017592.1	1	2036867	3659785	13326	0.65424	48.0065	34.8	1.39"
"CS00192	0.125	NC_017592.1	1	2036867	6098969	14714	0.722384	80.0012	34.8	1.39"
"CS00192	0.1	NC_017592.1	1	2036867	4878071	13912	0.68301	63.9895	34.8	1.39"
"CS00192	0.25	NC_017592.1	1	2036867	12198577	17150	0.841979	160.017	34.8	1.39"
"CS00192	0.5	NC_017592.1	1	2036867	24412154	20723	1.0174	272.885	34.9	1.39"
"CS00192	1.0	NC_017592.1	1	2036867	48817777	25576	1.25565	339.333	34.8	1.39"
"CS00193	0.025	NC_017592.1	1	2036867	1555545	6840	0.33581	20.3176	34.9	1.38"
"CS00193	0.05	NC_017592.1	1	2036867	3109727	8039	0.394675	40.615	34.9	1.38"
"CS00193	0.075	NC_017592.1	1	2036867	4664477	8526	0.418584	60.919	34.9	1.39"
"CS00193	0.125	NC_017592.1	1	2036867	7781921	9821	0.482162	101.637	34.9	1.39"
"CS00193	0.1	NC_017592.1	1	2036867	6226168	8937	0.438762	81.3163	34.9	1.39"
"CS00193	0.25	NC_017592.1	1	2036867	15571662	12436	0.610546	203.377	34.9	1.39"
"CS00193	0.5	NC_017592.1	1	2036867	31148150	15397	0.755916	290.759	34.9	1.39"
"CS00193	1.0	NC_017592.1	1	2036867	62312245	19050	0.93526	356.026	34.9	1.39"
"CS00194	0.025	NC_017592.1	1	2036867	1075890	7883	0.387016	14.0894	34.7	1.77"
"CS00194	0.05	NC_017592.1	1	2036867	2151598	8909	0.437387	28.1767	34.7	1.77"
"CS00194	0.075	NC_017592.1	1	2036867	3225766	10071	0.494436	42.2424	34.7	1.78"
"CS00194	0.125	NC_017592.1	1	2036867	5378154	11280	0.553792	70.4261	34.7	1.78"
"CS00194	0.1	NC_017592.1	1	2036867	4301219	10891	0.534694	56.3256	34.7	1.78"
"CS00194	0.25	NC_017592.1	1	2036867	10755570	13189	0.647514	140.845	34.7	1.78"
"CS00194	0.5	NC_017592.1	1	2036867	21507700	15890	0.78012	252.152	34.7	1.78"
"CS00194	1.0	NC_017592.1	1	2036867	43031000	20622	1.01244	313.605	34.7	1.78"
"CS00195	0.025	NC_017592.1	1	2036867	1527019	10484	0.514712	19.9445	34.8	1.56"
"CS00195	0.05	NC_017592.1	1	2036867	3055601	12182	0.598075	39.91	34.8	1.56"
"CS00195	0.075	NC_017592.1	1	2036867	4580667	13586	0.667005	59.8273	34.8	1.57"
"CS00195	0.125	NC_017592.1	1	2036867	7633502	14938	0.733381	99.6981	34.8	1.57"
"CS00195	0.1	NC_017592.1	1	2036867	6108358	14282	0.701175	79.781	34.8	1.56"
"CS00195	0.25	NC_017592.1	1	2036867	15263092	18811	0.923526	199.35	34.8	1.57"
"CS00195	0.5	NC_017592.1	1	2036867	30526935	22809	1.11981	294.171	34.8	1.57"
"CS00195	1.0	NC_017592.1	1	2036867	61028463	29876	1.46676	364.17	34.8	1.57"
"Sample_NEC	NEC	NC_017592.1	1	2036867	476988	7229	0.354908	7.05381	35.1	0.141"
"Sample_NEC	NEC	NC_017592.1	1	2036867	952986	12413	0.609416	14.0945	35.1	0.141"
"Sample_NEC	NEC	NC_017592.1	1	2036867	1428117	15341	0.753167	21.1209	35.1	0.142"
"Sample_NEC	NEC	NC_017592.1	1	2036867	2380771	22138	1.08687	35.2104	35.1	0.14"
"Sample_NEC	NEC	NC_017592.1	1	2036867	1905427	18371	0.901924	28.1794	35.1	0.141"
"Sample_NEC	NEC	NC_017592.1	1	2036867	4764807	36015	1.76816	70.4728	35.1	0.142"
"Sample_NEC	NEC	NC_017592.1	1	2036867	9528839	56266	2.76238	140.937	35.1	0.142"
"Sample_NEC	NEC	NC_017592.1	1	2036867	19059235	79643	3.91007	210.002	35.1	0.142"
"Sample_PCR_ctrl015	PCR	NC_017592.1	1	2036867	1058460	9948	0.488397	13.9496	34.9	1.12"
"Sample_PCR_ctrl015	PCR	NC_017592.1	1	2036867	2116023	13138	0.64501	27.8868	34.9	1.13"
"Sample_PCR_ctrl015	PCR	NC_017592.1	1	2036867	3175177	14880	0.730534	41.8431	34.9	1.13"
"Sample_PCR_ctrl015	PCR	NC_017592.1	1	2036867	5288670	18991	0.932363	69.7022	34.9	1.13"
"Sample_PCR_ctrl015	PCR	NC_017592.1	1	2036867	4230906	16954	0.832357	55.7584	34.9	1.13"
"Sample_PCR_ctrl015	PCR	NC_017592.1	1	2036867	10575188	26012	1.27706	139.376	34.9	1.13"
"Sample_PCR_ctrl015	PCR	NC_017592.1	1	2036867	21145126	34315	1.6847	244.811	34.9	1.13"
"Sample_PCR_ctrl015	PCR	NC_017592.1	1	2036867	42290353	45663	2.24183	301.035	34.8	1.12"
"SP00001	0.025	NC_017592.1	1	2036867	4384746	134265	6.59174	273.57	35.3	59.4"
"SP00001	0.05	NC_017592.1	1	2036867	8764327	153140	7.51841	546.824	35.3	59.4"
"SP00001	0.075	NC_017592.1	1	2036867	13148381	163835	8.04348	820.333	35.3	59.4"
"SP00001	0.125	NC_017592.1	1	2036867	21921416	177988	8.73832	1367.78	35.3	59.4"
"SP00001	0.1	NC_017592.1	1	2036867	17537044	171337	8.41179	1094.15	35.3	59.4"
"SP00001	0.25	NC_017592.1	1	2036867	43856875	202608	9.94704	2679.18	35.3	59.4"
"SP00001	0.5	NC_017592.1	1	2036867	87712629	239474	11.757	5131.07	35.3	59.4"
"SP00001	1.0	NC_017592.1	1	2036867	175380675	282454	13.8671	9200.95	35.3	59.4"
"SP00002	0.025	NC_017592.1	1	2036867	4920770	119235	5.85384	255.961	35.6	51.5"
"SP00002	0.05	NC_017592.1	1	2036867	9844466	129299	6.34794	512.049	35.6	51.5"
"SP00002	0.075	NC_017592.1	1	2036867	14773051	136135	6.68355	766.321	35.6	51.4"
"SP00002	0.125	NC_017592.1	1	2036867	24615719	148912	7.31084	1201.17	35.6	51.4"
"SP00002	0.1	NC_017592.1	1	2036867	19693988	143854	7.06251	993.634	35.6	51.4"
"SP00002	0.25	NC_017592.1	1	2036867	49234473	166990	8.19838	1864.04	35.6	51.4"
"SP00002	0.5	NC_017592.1	1	2036867	98459211	190232	9.33944	2875.27	35.6	51.4"
"SP00002	1.0	NC_017592.1	1	2036867	196911704	219391	10.771	4357.07	35.5	51.4"
"SP00003	0.025	NC_017592.1	1	2036867	1811723	43111	2.11653	39.7073	35.7	15.4"
"SP00003	0.05	NC_017592.1	1	2036867	3625837	46316	2.27388	79.4436	35.7	15.4"
"SP00003	0.075	NC_017592.1	1	2036867	5442192	48834	2.39751	119.188	35.7	15.4"
"SP00003	0.125	NC_017592.1	1	2036867	9070107	51678	2.53713	198.662	35.7	15.4"
"SP00003	0.1	NC_017592.1	1	2036867	7254249	50463	2.47748	158.881	35.7	15.4"
"SP00003	0.25	NC_017592.1	1	2036867	18138224	55288	2.71436	384.298	35.7	15.4"
"SP00003	0.5	NC_017592.1	1	2036867	36268781	59877	2.93966	573.564	35.7	15.4"
"SP00003	1.0	NC_017592.1	1	2036867	72548194	63606	3.12274	834.648	35.7	15.4"
"SP00004	0.025	NC_017592.1	1	2036867	933269	5721	0.280873	9.95592	36	0.815"
"SP00004	0.05	NC_017592.1	1	2036867	1868147	6845	0.336055	19.9232	36	0.811"
"SP00004	0.075	NC_017592.1	1	2036867	2801772	7411	0.363843	29.8781	36	0.809"
"SP00004	0.125	NC_017592.1	1	2036867	4666380	8371	0.410974	49.7676	36	0.807"
"SP00004	0.1	NC_017592.1	1	2036867	3734235	7970	0.391287	39.8235	36	0.808"
"SP00004	0.25	NC_017592.1	1	2036867	9330578	11282	0.55389	99.5183	36	0.809"
"SP00004	0.5	NC_017592.1	1	2036867	18662296	13175	0.646827	161.36	36	0.813"
"SP00004	1.0	NC_017592.1	1	2036867	37313418	14707	0.72204	185.123	35.9	0.812"
"SP00005	0.025	NC_017592.1	1	2036867	149636	1664	0.0816941	1.61344	36.1	0.599"
"SP00005	0.05	NC_017592.1	1	2036867	300694	1971	0.0967663	3.24232	36.1	0.594"
"SP00005	0.075	NC_017592.1	1	2036867	450266	2067	0.101479	4.855	36.1	0.6"
"SP00005	0.125	NC_017592.1	1	2036867	751648	2201	0.108058	8.10439	36.1	0.6"
"SP00005	0.1	NC_017592.1	1	2036867	601140	2173	0.106683	6.48181	36.1	0.601"
"SP00005	0.25	NC_017592.1	1	2036867	1501242	2426	0.119104	16.1873	36.1	0.604"
"SP00005	0.5	NC_017592.1	1	2036867	3003879	2897	0.142228	32.3893	36.1	0.6"
"SP00005	1.0	NC_017592.1	1	2036867	6001657	3847	0.188868	64.7109	36.1	0.596"
"SP00006	0.025	NC_017592.1	1	2036867	46	219	0.0107518	0.00128727	35.4	33.4"
"SP00006	0.05	NC_017592.1	1	2036867	74	279	0.0136975	0.00199964	35.6	35.6"
"SP00006	0.075	NC_017592.1	1	2036867	118	279	0.0136975	0.00325304	35.8	34.6"
"SP00006	0.125	NC_017592.1	1	2036867	184	384	0.0188525	0.0049365	35.7	35.4"
"SP00006	0.1	NC_017592.1	1	2036867	153	333	0.0163486	0.00412594	36	35.5"
"SP00006	0.25	NC_017592.1	1	2036867	407	597	0.0293097	0.0109241	35.8	34.9"
"SP00006	0.5	NC_017592.1	1	2036867	828	1507	0.0739862	0.0221016	35.8	34.9"
"SP00006	1.0	NC_017592.1	1	2036867	1575	2068	0.101528	0.0421618	35.8	35.2"
"SP00007	0.025	NC_017592.1	1	2036867	928701	1828	0.0897457	9.59162	36.1	0.172"
"SP00007	0.05	NC_017592.1	1	2036867	1855895	2051	0.100694	19.1666	36.1	0.172"
"SP00007	0.075	NC_017592.1	1	2036867	2782491	2310	0.113409	28.7349	36.1	0.173"
"SP00007	0.125	NC_017592.1	1	2036867	4639945	2527	0.124063	47.9154	36.1	0.173"
"SP00007	0.1	NC_017592.1	1	2036867	3713147	2439	0.119743	38.3447	36.1	0.172"
"SP00007	0.25	NC_017592.1	1	2036867	9283357	2998	0.147187	93.6871	36.1	0.173"
"SP00007	0.5	NC_017592.1	1	2036867	18577053	3916	0.192256	149.703	36.1	0.172"
"SP00007	1.0	NC_017592.1	1	2036867	37159269	4925	0.241793	161.81	36.1	0.172"
"SP00008	0.025	NC_017592.1	1	2036867	218860	2999	0.147236	2.35654	35.9	10.7"
"SP00008	0.05	NC_017592.1	1	2036867	438324	3279	0.160983	4.71989	35.9	10.7"
"SP00008	0.075	NC_017592.1	1	2036867	659118	3479	0.170802	7.09776	35.9	10.7"
"SP00008	0.125	NC_017592.1	1	2036867	1100294	3673	0.180326	11.849	35.9	10.7"
"SP00008	0.1	NC_017592.1	1	2036867	879704	3583	0.175907	9.47331	35.9	10.7"
"SP00008	0.25	NC_017592.1	1	2036867	2199202	3968	0.194809	23.6796	35.9	10.7"
"SP00008	0.5	NC_017592.1	1	2036867	4395039	4251	0.208703	47.3174	35.9	10.7"
"SP00008	1.0	NC_017592.1	1	2036867	8790982	4479	0.219897	94.6467	35.9	10.7"
"SP00009	0.025	NC_017592.1	1	2036867	6743305	120690	5.92528	427.945	35.3	59.7"
"SP00009	0.05	NC_017592.1	1	2036867	13489159	134270	6.59199	856.071	35.3	59.7"
"SP00009	0.075	NC_017592.1	1	2036867	20235793	147227	7.22811	1284.27	35.3	59.7"
"SP00009	0.125	NC_017592.1	1	2036867	33724816	162110	7.95879	2140.22	35.3	59.7"
"SP00009	0.1	NC_017592.1	1	2036867	26980822	155221	7.62058	1712.29	35.3	59.7"
"SP00009	0.25	NC_017592.1	1	2036867	67460535	190835	9.36905	4219.76	35.3	59.7"
"SP00009	0.5	NC_017592.1	1	2036867	134903488	232532	11.4162	7833.86	35.3	59.7"
"SP00009	1.0	NC_017592.1	1	2036867	269811035	286646	14.0729	10528.8	35.3	59.7"
"SP00010	0.025	NC_017592.1	1	2036867	1844890	72055	3.53754	103.131	35.5	57.4"
"SP00010	0.05	NC_017592.1	1	2036867	3694622	79628	3.90934	206.511	35.5	57.4"
"SP00010	0.075	NC_017592.1	1	2036867	5540429	83288	4.08902	309.739	35.5	57.4"
"SP00010	0.125	NC_017592.1	1	2036867	9232734	90144	4.42562	516.145	35.5	57.4"
"SP00010	0.1	NC_017592.1	1	2036867	7387758	87341	4.28801	413.006	35.5	57.4"
"SP00010	0.25	NC_017592.1	1	2036867	18463694	100081	4.91348	927.903	35.5	57.4"
"SP00010	0.5	NC_017592.1	1	2036867	36920044	119647	5.87407	1435.7	35.5	57.4"
"SP00010	1.0	NC_017592.1	1	2036867	73849908	149682	7.34864	2159.55	35.5	57.4"
"SP00011	0.025	NC_017592.1	1	2036867	591538	5740	0.281805	7.73393	36.1	7.93"
"SP00011	0.05	NC_017592.1	1	2036867	1180958	7610	0.373613	15.4505	36.1	7.94"
"SP00011	0.075	NC_017592.1	1	2036867	1768388	8135	0.399388	23.1435	36.1	7.95"
"SP00011	0.125	NC_017592.1	1	2036867	2945074	10749	0.527722	38.5387	36.1	7.95"
"SP00011	0.1	NC_017592.1	1	2036867	2356789	9091	0.446323	30.8372	36.1	7.95"
"SP00011	0.25	NC_017592.1	1	2036867	5886700	13455	0.660573	76.9893	36.1	7.92"
"SP00011	0.5	NC_017592.1	1	2036867	11765538	18349	0.900844	153.705	36.1	7.93"
"SP00011	1.0	NC_017592.1	1	2036867	23525956	23094	1.1338	213.201	36.1	7.93"
"SP00012	0.025	NC_017592.1	1	2036867	328469	1442	0.070795	3.40026	36.2	0.194"
"SP00012	0.05	NC_017592.1	1	2036867	657539	1635	0.0802703	6.80692	36.2	0.194"
"SP00012	0.075	NC_017592.1	1	2036867	987097	2009	0.0986319	10.2175	36.2	0.192"
"SP00012	0.125	NC_017592.1	1	2036867	1644060	2341	0.114931	17.0185	36.2	0.191"
"SP00012	0.1	NC_017592.1	1	2036867	1316468	2161	0.106094	13.6272	36.2	0.189"
"SP00012	0.25	NC_017592.1	1	2036867	3280644	2974	0.146009	33.9611	36.2	0.192"
"SP00012	0.5	NC_017592.1	1	2036867	6563737	3352	0.164566	67.9454	36.2	0.19"
"SP00012	1.0	NC_017592.1	1	2036867	13128673	5335	0.261922	133.809	36.2	0.191"
"SP00013	0.025	NC_017592.1	1	2036867	646822	1500	0.0736425	6.68775	36.2	0.106"
"SP00013	0.05	NC_017592.1	1	2036867	1294090	1638	0.0804176	13.3812	36.2	0.106"
"SP00013	0.075	NC_017592.1	1	2036867	1939101	1829	0.0897948	20.0524	36.2	0.106"
"SP00013	0.125	NC_017592.1	1	2036867	3232769	2006	0.0984846	33.428	36.2	0.109"
"SP00013	0.1	NC_017592.1	1	2036867	2586117	1977	0.0970608	26.7419	36.2	0.108"
"SP00013	0.25	NC_017592.1	1	2036867	6469810	2367	0.116208	66.9001	36.2	0.108"
"SP00013	0.5	NC_017592.1	1	2036867	12943191	2638	0.129513	131.763	36.2	0.108"
"SP00013	1.0	NC_017592.1	1	2036867	25899830	3726	0.182928	147.828	36.2	0.107"
"SP00014	0.025	NC_017592.1	1	2036867	152934	1130	0.0554774	1.5947	36.2	0.109"
"SP00014	0.05	NC_017592.1	1	2036867	305653	1276	0.0626452	3.18734	36.2	0.112"
"SP00014	0.075	NC_017592.1	1	2036867	458459	1603	0.0786993	4.78043	36.2	0.111"
"SP00014	0.125	NC_017592.1	1	2036867	766094	2062	0.101234	7.98806	36.2	0.109"
"SP00014	0.1	NC_017592.1	1	2036867	612073	1827	0.0896966	6.38212	36.2	0.108"
"SP00014	0.25	NC_017592.1	1	2036867	1532877	3351	0.164517	15.9828	36.2	0.112"
"SP00014	0.5	NC_017592.1	1	2036867	3064084	4605	0.226083	31.9474	36.2	0.114"
"SP00014	1.0	NC_017592.1	1	2036867	6129876	6020	0.295552	63.9144	36.2	0.113"
"SP00015	0.025	NC_017592.1	1	2036867	35427	737	0.036183	0.373899	36.1	0.107"
"SP00015	0.05	NC_017592.1	1	2036867	70045	834	0.0409452	0.739069	36.1	0.104"
"SP00015	0.075	NC_017592.1	1	2036867	104888	936	0.0459529	1.10673	36.1	0.103"
"SP00015	0.125	NC_017592.1	1	2036867	175458	995	0.0488495	1.85186	36.1	0.0971"
"SP00015	0.1	NC_017592.1	1	2036867	139944	965	0.0473767	1.47695	36.1	0.101"
"SP00015	0.25	NC_017592.1	1	2036867	350985	1266	0.0621543	3.70416	36.1	0.101"
"SP00015	0.5	NC_017592.1	1	2036867	701245	1944	0.0954407	7.40122	36.1	0.105"
"SP00015	1.0	NC_017592.1	1	2036867	1401705	4066	0.19962	14.7946	36.1	0.103"
"SP00016	0.025	NC_017592.1	1	2036867	193880	1971	0.0967663	2.00824	36.2	0.18"
"SP00016	0.05	NC_017592.1	1	2036867	387694	2593	0.127303	4.016	36.2	0.174"
"SP00016	0.075	NC_017592.1	1	2036867	581696	3552	0.174385	6.02557	36.2	0.175"
"SP00016	0.125	NC_017592.1	1	2036867	969622	4736	0.232514	10.0441	36.2	0.177"
"SP00016	0.1	NC_017592.1	1	2036867	775340	4112	0.201879	8.0312	36.2	0.177"
"SP00016	0.25	NC_017592.1	1	2036867	1937706	7319	0.359326	20.0736	36.2	0.177"
"SP00016	0.5	NC_017592.1	1	2036867	3875534	12770	0.626943	40.1488	36.2	0.178"
"SP00016	1.0	NC_017592.1	1	2036867	7753485	22850	1.12182	80.3189	36.2	0.176"
"SP00017	0.025	NC_017592.1	1	2036867	6056832	123422	6.0594	378.882	35.4	60"
"SP00017	0.05	NC_017592.1	1	2036867	12112380	200653	9.85106	757.535	35.4	60"
"SP00017	0.075	NC_017592.1	1	2036867	18170859	274242	13.4639	1110	35.4	60"
"SP00017	0.125	NC_017592.1	1	2036867	30289923	403135	19.7919	1392.37	35.4	60"
"SP00017	0.1	NC_017592.1	1	2036867	24231382	344322	16.9045	1282.88	35.4	60"
"SP00017	0.25	NC_017592.1	1	2036867	60576748	652070	32.0134	1867.8	35.3	60"
"SP00017	0.5	NC_017592.1	1	2036867	121193286	998725	49.0324	2406.26	35.3	60"
"SP00017	1.0	NC_017592.1	1	2036867	242371904	1399997	68.7329	2932.45	35.4	60"
"SP00018	0.025	NC_017592.1	1	2036867	214	3934	0.19314	0.00653945	35.7	33.7"
"SP00018	0.05	NC_017592.1	1	2036867	470	5904	0.289857	0.0143377	35.8	30.8"
"SP00018	0.075	NC_017592.1	1	2036867	701	7906	0.388145	0.0214398	35.6	31"
"SP00018	0.125	NC_017592.1	1	2036867	1144	10942	0.537198	0.033691	35.6	30.3"
"SP00018	0.1	NC_017592.1	1	2036867	935	9236	0.453441	0.0274156	35.6	30.3"
"SP00018	0.25	NC_017592.1	1	2036867	2291	16921	0.830737	0.0672096	35.7	29.9"
"SP00018	0.5	NC_017592.1	1	2036867	4618	25210	1.23769	0.135429	35.7	29.8"
"SP00018	1.0	NC_017592.1	1	2036867	9252	38483	1.88932	0.274812	35.7	30.1"
"SP00019	0.025	NC_017592.1	1	2036867	0	0	0	0	0	0"
"SP00019	0.05	NC_017592.1	1	2036867	2	60	0.0029457	5.49864e-05	34.9	42.5"
"SP00019	0.075	NC_017592.1	1	2036867	2	60	0.0029457	5.49864e-05	34.9	42.5"
"SP00019	0.125	NC_017592.1	1	2036867	2	60	0.0029457	5.49864e-05	34.9	42.5"
"SP00019	0.1	NC_017592.1	1	2036867	2	60	0.0029457	5.49864e-05	34.9	42.5"
"SP00019	0.25	NC_017592.1	1	2036867	2	60	0.0029457	5.49864e-05	34.9	42.5"
"SP00019	0.5	NC_017592.1	1	2036867	4	104	0.00510588	9.819e-05	35.6	51.2"
"SP00019	1.0	NC_017592.1	1	2036867	4	104	0.00510588	9.819e-05	35.6	51.2"
"SP00020	0.025	NC_017592.1	1	2036867	0	0	0	0	0	0"
"SP00020	0.05	NC_017592.1	1	2036867	0	0	0	0	0	0"
"SP00020	0.075	NC_017592.1	1	2036867	0	0	0	0	0	0"
"SP00020	0.125	NC_017592.1	1	2036867	0	0	0	0	0	0"
"SP00020	0.1	NC_017592.1	1	2036867	0	0	0	0	0	0"
"SP00020	0.25	NC_017592.1	1	2036867	0	0	0	0	0	0"
"SP00020	0.5	NC_017592.1	1	2036867	2	63	0.00309299	6.18597e-05	36.6	60"
"SP00020	1.0	NC_017592.1	1	2036867	2	63	0.00309299	6.18597e-05	36.6	60"
"SP00021	0.025	NC_017592.1	1	2036867	0	0	0	0	0	0"
"SP00021	0.05	NC_017592.1	1	2036867	0	0	0	0	0	0"
"SP00021	0.075	NC_017592.1	1	2036867	0	0	0	0	0	0"
"SP00021	0.125	NC_017592.1	1	2036867	0	0	0	0	0	0"
"SP00021	0.1	NC_017592.1	1	2036867	0	0	0	0	0	0"
"SP00021	0.25	NC_017592.1	1	2036867	0	0	0	0	0	0"
"SP00021	0.5	NC_017592.1	1	2036867	0	0	0	0	0	0"
"SP00021	1.0	NC_017592.1	1	2036867	0	0	0	0	0	0"
"SP00022	0.025	NC_017592.1	1	2036867	0	0	0	0	0	0"
"SP00022	0.05	NC_017592.1	1	2036867	0	0	0	0	0	0"
"SP00022	0.075	NC_017592.1	1	2036867	0	0	0	0	0	0"
"SP00022	0.125	NC_017592.1	1	2036867	0	0	0	0	0	0"
"SP00022	0.1	NC_017592.1	1	2036867	0	0	0	0	0	0"
"SP00022	0.25	NC_017592.1	1	2036867	0	0	0	0	0	0"
"SP00022	0.5	NC_017592.1	1	2036867	0	0	0	0	0	0"
"SP00022	1.0	NC_017592.1	1	2036867	2	98	0.00481131	8.93529e-05	35	60"
"SP00023	0.025	NC_017592.1	1	2036867	0	0	0	0	0	0"
"SP00023	0.05	NC_017592.1	1	2036867	0	0	0	0	0	0"
"SP00023	0.075	NC_017592.1	1	2036867	0	0	0	0	0	0"
"SP00023	0.125	NC_017592.1	1	2036867	0	0	0	0	0	0"
"SP00023	0.1	NC_017592.1	1	2036867	0	0	0	0	0	0"
"SP00023	0.25	NC_017592.1	1	2036867	0	0	0	0	0	0"
"SP00023	0.5	NC_017592.1	1	2036867	0	0	0	0	0	0"
"SP00023	1.0	NC_017592.1	1	2036867	4	264	0.0129611	0.000146303	36.9	9"
"SP00024	0.025	NC_017592.1	1	2036867	0	0	0	0	0	0"
"SP00024	0.05	NC_017592.1	1	2036867	0	0	0	0	0	0"
"SP00024	0.075	NC_017592.1	1	2036867	0	0	0	0	0	0"
"SP00024	0.125	NC_017592.1	1	2036867	0	0	0	0	0	0"
"SP00024	0.1	NC_017592.1	1	2036867	0	0	0	0	0	0"
"SP00024	0.25	NC_017592.1	1	2036867	0	0	0	0	0	0"
"SP00024	0.5	NC_017592.1	1	2036867	0	0	0	0	0	0"
"SP00024	1.0	NC_017592.1	1	2036867	1	151	0.00741335	7.41335e-05	35.3	60"
"SP00025	0.025	NC_017592.1	1	2036867	262	14014	0.688017	0.012235	35.5	57.3"
"SP00025	0.05	NC_017592.1	1	2036867	576	31992	1.57065	0.0278374	35.7	57.7"
"SP00025	0.075	NC_017592.1	1	2036867	859	46932	2.30413	0.0413247	35.7	57.5"
"SP00025	0.125	NC_017592.1	1	2036867	1425	75444	3.70392	0.0694149	35.6	57.3"
"SP00025	0.1	NC_017592.1	1	2036867	1137	61590	3.02376	0.0554651	35.6	57.5"
"SP00025	0.25	NC_017592.1	1	2036867	2743	135813	6.66774	0.131601	35.6	57.2"
"SP00025	0.5	NC_017592.1	1	2036867	5534	253125	12.4272	0.265935	35.6	57"
"SP00025	1.0	NC_017592.1	1	2036867	11150	444926	21.8436	0.534881	35.7	57"
"SP00026	0.025	NC_017592.1	1	2036867	6	212	0.0104081	0.000208163	33.9	60"
"SP00026	0.05	NC_017592.1	1	2036867	10	284	0.013943	0.000363303	34.8	60"
"SP00026	0.075	NC_017592.1	1	2036867	14	395	0.0193925	0.000472294	35.1	58"
"SP00026	0.125	NC_017592.1	1	2036867	26	950	0.0466403	0.00098681	35.5	58.9"
"SP00026	0.1	NC_017592.1	1	2036867	20	757	0.0371649	0.000798285	35.8	58.6"
"SP00026	0.25	NC_017592.1	1	2036867	56	1932	0.0948516	0.00205021	35.5	55.4"
"SP00026	0.5	NC_017592.1	1	2036867	104	3720	0.182633	0.00381615	35.3	51.6"
"SP00026	1.0	NC_017592.1	1	2036867	178	5930	0.291133	0.00657186	35.7	52.9"
"SP00027	0.025	NC_017592.1	1	2036867	6	327	0.0160541	0.00028426	34.3	60"
"SP00027	0.05	NC_017592.1	1	2036867	16	658	0.0323045	0.000608778	34.8	53.8"
"SP00027	0.075	NC_017592.1	1	2036867	28	1265	0.0621052	0.00106045	35.1	56.4"
"SP00027	0.125	NC_017592.1	1	2036867	46	2154	0.105751	0.00180424	35.5	52.6"
"SP00027	0.1	NC_017592.1	1	2036867	40	1900	0.0932805	0.0015568	35.5	54.5"
"SP00027	0.25	NC_017592.1	1	2036867	94	4281	0.210176	0.00385249	35.6	52.2"
"SP00027	0.5	NC_017592.1	1	2036867	182	7106	0.348869	0.0071065	35.6	47.7"
"SP00027	1.0	NC_017592.1	1	2036867	355	15148	0.743691	0.0145616	35.3	49.2"
"SP00028	0.025	NC_017592.1	1	2036867	0	0	0	0	0	0"
"SP00028	0.05	NC_017592.1	1	2036867	0	0	0	0	0	0"
"SP00028	0.075	NC_017592.1	1	2036867	0	0	0	0	0	0"
"SP00028	0.125	NC_017592.1	1	2036867	0	0	0	0	0	0"
"SP00028	0.1	NC_017592.1	1	2036867	0	0	0	0	0	0"
"SP00028	0.25	NC_017592.1	1	2036867	0	0	0	0	0	0"
"SP00028	0.5	NC_017592.1	1	2036867	2	206	0.0101136	0.000101136	36.8	0"
"SP00028	1.0	NC_017592.1	1	2036867	6	482	0.0236638	0.000369194	36.6	36"
"SP00029	0.025	NC_017592.1	1	2036867	0	0	0	0	0	0"
"SP00029	0.05	NC_017592.1	1	2036867	0	0	0	0	0	0"
"SP00029	0.075	NC_017592.1	1	2036867	0	0	0	0	0	0"
"SP00029	0.125	NC_017592.1	1	2036867	0	0	0	0	0	0"
"SP00029	0.1	NC_017592.1	1	2036867	0	0	0	0	0	0"
"SP00029	0.25	NC_017592.1	1	2036867	0	0	0	0	0	0"
"SP00029	0.5	NC_017592.1	1	2036867	2	178	0.00873891	8.73891e-05	36.9	0"
"SP00029	1.0	NC_017592.1	1	2036867	2	178	0.00873891	8.73891e-05	36.9	0"
"SP00030	0.025	NC_017592.1	1	2036867	0	0	0	0	0	0"
"SP00030	0.05	NC_017592.1	1	2036867	0	0	0	0	0	0"
"SP00030	0.075	NC_017592.1	1	2036867	0	0	0	0	0	0"
"SP00030	0.125	NC_017592.1	1	2036867	0	0	0	0	0	0"
"SP00030	0.1	NC_017592.1	1	2036867	0	0	0	0	0	0"
"SP00030	0.25	NC_017592.1	1	2036867	0	0	0	0	0	0"
"SP00030	0.5	NC_017592.1	1	2036867	0	0	0	0	0	0"
"SP00030	1.0	NC_017592.1	1	2036867	0	0	0	0	0	0"
"SP00031	0.025	NC_017592.1	1	2036867	0	0	0	0	0	0"
"SP00031	0.05	NC_017592.1	1	2036867	0	0	0	0	0	0"
"SP00031	0.075	NC_017592.1	1	2036867	0	0	0	0	0	0"
"SP00031	0.125	NC_017592.1	1	2036867	0	0	0	0	0	0"
"SP00031	0.1	NC_017592.1	1	2036867	0	0	0	0	0	0"
"SP00031	0.25	NC_017592.1	1	2036867	0	0	0	0	0	0"
"SP00031	0.5	NC_017592.1	1	2036867	0	0	0	0	0	0"
"SP00031	1.0	NC_017592.1	1	2036867	0	0	0	0	0	0"
"SP00032	0.025	NC_017592.1	1	2036867	0	0	0	0	0	0"
"SP00032	0.05	NC_017592.1	1	2036867	0	0	0	0	0	0"
"SP00032	0.075	NC_017592.1	1	2036867	0	0	0	0	0	0"
"SP00032	0.125	NC_017592.1	1	2036867	0	0	0	0	0	0"
"SP00032	0.1	NC_017592.1	1	2036867	0	0	0	0	0	0"
"SP00032	0.25	NC_017592.1	1	2036867	0	0	0	0	0	0"
"SP00032	0.5	NC_017592.1	1	2036867	0	0	0	0	0	0"
"SP00032	1.0	NC_017592.1	1	2036867	2	293	0.0143848	0.000145321	36.7	60"
"SP00033	0.025	NC_017592.1	1	2036867	224	13211	0.648594	0.0111225	35.6	56.5"
"SP00033	0.05	NC_017592.1	1	2036867	442	26414	1.2968	0.0218856	35.5	57.2"
"SP00033	0.075	NC_017592.1	1	2036867	634	37050	1.81897	0.0312475	35.5	57.8"
"SP00033	0.125	NC_017592.1	1	2036867	1081	61482	3.01846	0.0536569	35.5	57.7"
"SP00033	0.1	NC_017592.1	1	2036867	861	50660	2.48715	0.0427755	35.5	57.9"
"SP00033	0.25	NC_017592.1	1	2036867	2097	112752	5.53556	0.104089	35.6	57.4"
"SP00033	0.5	NC_017592.1	1	2036867	4203	210570	10.3379	0.208884	35.5	57.3"
"SP00033	1.0	NC_017592.1	1	2036867	8318	358048	17.5784	0.408996	35.5	57.1"
"SP00034	0.025	NC_017592.1	1	2036867	8	265	0.0130102	0.000257258	36.5	60"
"SP00034	0.05	NC_017592.1	1	2036867	8	265	0.0130102	0.000257258	36.5	60"
"SP00034	0.075	NC_017592.1	1	2036867	14	468	0.0229765	0.000456584	36	58"
"SP00034	0.125	NC_017592.1	1	2036867	18	541	0.0265604	0.000591104	36.2	58.4"
"SP00034	0.1	NC_017592.1	1	2036867	18	541	0.0265604	0.000591104	36.2	58.4"
"SP00034	0.25	NC_017592.1	1	2036867	36	1222	0.0599941	0.00125143	35.6	56.1"
"SP00034	0.5	NC_017592.1	1	2036867	64	2208	0.108402	0.00229028	36	56.1"
"SP00034	1.0	NC_017592.1	1	2036867	120	4445	0.218227	0.00450938	35.8	55.5"
"SP00035	0.025	NC_017592.1	1	2036867	0	0	0	0	0	0"
"SP00035	0.05	NC_017592.1	1	2036867	0	0	0	0	0	0"
"SP00035	0.075	NC_017592.1	1	2036867	0	0	0	0	0	0"
"SP00035	0.125	NC_017592.1	1	2036867	0	0	0	0	0	0"
"SP00035	0.1	NC_017592.1	1	2036867	0	0	0	0	0	0"
"SP00035	0.25	NC_017592.1	1	2036867	0	0	0	0	0	0"
"SP00035	0.5	NC_017592.1	1	2036867	0	0	0	0	0	0"
"SP00035	1.0	NC_017592.1	1	2036867	0	0	0	0	0	0"
"SP00036	0.025	NC_017592.1	1	2036867	0	0	0	0	0	0"
"SP00036	0.05	NC_017592.1	1	2036867	0	0	0	0	0	0"
"SP00036	0.075	NC_017592.1	1	2036867	2	66	0.00324027	6.43145e-05	36.8	60"
"SP00036	0.125	NC_017592.1	1	2036867	2	66	0.00324027	6.43145e-05	36.8	60"
"SP00036	0.1	NC_017592.1	1	2036867	2	66	0.00324027	6.43145e-05	36.8	60"
"SP00036	0.25	NC_017592.1	1	2036867	2	66	0.00324027	6.43145e-05	36.8	60"
"SP00036	0.5	NC_017592.1	1	2036867	2	66	0.00324027	6.43145e-05	36.8	60"
"SP00036	1.0	NC_017592.1	1	2036867	4	155	0.00760973	0.000151213	36.9	30"
"SP00037	0.025	NC_017592.1	1	2036867	0	0	0	0	0	0"
"SP00037	0.05	NC_017592.1	1	2036867	0	0	0	0	0	0"
"SP00037	0.075	NC_017592.1	1	2036867	0	0	0	0	0	0"
"SP00037	0.125	NC_017592.1	1	2036867	0	0	0	0	0	0"
"SP00037	0.1	NC_017592.1	1	2036867	0	0	0	0	0	0"
"SP00037	0.25	NC_017592.1	1	2036867	2	76	0.00373122	3.73122e-05	36.5	0"
"SP00037	0.5	NC_017592.1	1	2036867	4	152	0.00746244	0.000111937	36.5	28"
"SP00037	1.0	NC_017592.1	1	2036867	4	152	0.00746244	0.000111937	36.5	28"
"SP00038	0.025	NC_017592.1	1	2036867	0	0	0	0	0	0"
"SP00038	0.05	NC_017592.1	1	2036867	0	0	0	0	0	0"
"SP00038	0.075	NC_017592.1	1	2036867	0	0	0	0	0	0"
"SP00038	0.125	NC_017592.1	1	2036867	0	0	0	0	0	0"
"SP00038	0.1	NC_017592.1	1	2036867	0	0	0	0	0	0"
"SP00038	0.25	NC_017592.1	1	2036867	2	161	0.0079043	0.000148267	36.6	60"
"SP00038	0.5	NC_017592.1	1	2036867	2	161	0.0079043	0.000148267	36.6	60"
"SP00038	1.0	NC_017592.1	1	2036867	5	283	0.0138939	0.00024302	36	54.4"
"SP00039	0.025	NC_017592.1	1	2036867	0	0	0	0	0	0"
"SP00039	0.05	NC_017592.1	1	2036867	0	0	0	0	0	0"
"SP00039	0.075	NC_017592.1	1	2036867	0	0	0	0	0	0"
"SP00039	0.125	NC_017592.1	1	2036867	0	0	0	0	0	0"
"SP00039	0.1	NC_017592.1	1	2036867	0	0	0	0	0	0"
"SP00039	0.25	NC_017592.1	1	2036867	0	0	0	0	0	0"
"SP00039	0.5	NC_017592.1	1	2036867	0	0	0	0	0	0"
"SP00039	1.0	NC_017592.1	1	2036867	2	121	0.0059405	0.000116355	36.7	60"
"SP00040	0.025	NC_017592.1	1	2036867	2	92	0.00451674	9.03348e-05	36.3	0"
"SP00040	0.05	NC_017592.1	1	2036867	2	92	0.00451674	9.03348e-05	36.3	0"
"SP00040	0.075	NC_017592.1	1	2036867	2	92	0.00451674	9.03348e-05	36.3	0"
"SP00040	0.125	NC_017592.1	1	2036867	2	92	0.00451674	9.03348e-05	36.3	0"
"SP00040	0.1	NC_017592.1	1	2036867	2	92	0.00451674	9.03348e-05	36.3	0"
"SP00040	0.25	NC_017592.1	1	2036867	2	92	0.00451674	9.03348e-05	36.3	0"
"SP00040	0.5	NC_017592.1	1	2036867	2	92	0.00451674	9.03348e-05	36.3	0"
"SP00040	1.0	NC_017592.1	1	2036867	4	169	0.00829706	0.000165941	36.2	30"
"SP00061	0.025	NC_017592.1	1	2036867	494400	35185	1.72741	7.05174	38.7	1.55"
"SP00061	0.05	NC_017592.1	1	2036867	989035	50443	2.4765	14.1043	38.8	1.56"
"SP00061	0.075	NC_017592.1	1	2036867	1484300	63671	3.12593	21.1739	38.8	1.56"
"SP00061	0.125	NC_017592.1	1	2036867	2476115	81868	4.01931	35.3111	38.8	1.57"
"SP00061	0.1	NC_017592.1	1	2036867	1980286	72134	3.54142	28.2438	38.8	1.56"
"SP00061	0.25	NC_017592.1	1	2036867	4950917	116425	5.71589	70.5811	38.8	1.58"
"SP00061	0.5	NC_017592.1	1	2036867	9893064	160185	7.86428	141.004	38.8	1.58"
"SP00061	1.0	NC_017592.1	1	2036867	19787904	209961	10.308	275.199	38.8	1.58"
"SP00062	0.025	NC_017592.1	1	2036867	206760	19974	0.980624	2.90389	38.8	1.6"
"SP00062	0.05	NC_017592.1	1	2036867	414313	28285	1.38865	5.82272	38.8	1.61"
"SP00062	0.075	NC_017592.1	1	2036867	620238	34816	1.70929	8.71515	38.8	1.61"
"SP00062	0.125	NC_017592.1	1	2036867	1033949	44458	2.18267	14.5317	38.8	1.6"
"SP00062	0.1	NC_017592.1	1	2036867	827288	40622	1.99434	11.6287	38.8	1.6"
"SP00062	0.25	NC_017592.1	1	2036867	2068857	65880	3.23438	29.0786	38.8	1.6"
"SP00062	0.5	NC_017592.1	1	2036867	4136857	87240	4.28305	58.1412	38.8	1.61"
"SP00062	1.0	NC_017592.1	1	2036867	8267313	113360	5.56541	116.209	38.8	1.61"
"SP00063	0.025	NC_017592.1	1	2036867	415003	15897	0.780463	5.52398	38.7	1.09"
"SP00063	0.05	NC_017592.1	1	2036867	831343	21115	1.03664	11.0671	38.7	1.09"
"SP00063	0.075	NC_017592.1	1	2036867	1247971	24667	1.21103	16.6116	38.7	1.09"
"SP00063	0.125	NC_017592.1	1	2036867	2082051	29954	1.47059	27.7049	38.7	1.09"
"SP00063	0.1	NC_017592.1	1	2036867	1664687	27673	1.35861	22.1562	38.7	1.09"
"SP00063	0.25	NC_017592.1	1	2036867	4163676	39536	1.94102	55.4031	38.7	1.09"
"SP00063	0.5	NC_017592.1	1	2036867	8320735	49217	2.41631	110.712	38.7	1.09"
"SP00063	1.0	NC_017592.1	1	2036867	16646735	62119	3.04973	221.502	38.7	1.09"
"SP00064	0.025	NC_017592.1	1	2036867	866810	635336	31.1918	50.5395	39.2	29"
"SP00064	0.05	NC_017592.1	1	2036867	1732171	799432	39.2481	100.997	39.2	29"
"SP00064	0.075	NC_017592.1	1	2036867	2599066	908560	44.6058	151.547	39.2	29"
"SP00064	0.125	NC_017592.1	1	2036867	4332803	1052681	51.6814	252.626	39.2	29"
"SP00064	0.1	NC_017592.1	1	2036867	3465962	988351	48.5231	202.095	39.2	29"
"SP00064	0.25	NC_017592.1	1	2036867	8659776	1247466	61.2444	504.897	39.2	29.1"
"SP00064	0.5	NC_017592.1	1	2036867	17322958	1423646	69.8939	1010.15	39.2	29.1"
"SP00064	1.0	NC_017592.1	1	2036867	34658032	1571904	77.1726	2020.71	39.2	29.1"
"SP00065	0.025	NC_017592.1	1	2036867	1025096	800360	39.2937	59.0554	39.3	32.3"
"SP00065	0.05	NC_017592.1	1	2036867	2053818	928020	45.5611	118.356	39.3	32.3"
"SP00065	0.075	NC_017592.1	1	2036867	3083054	1008145	49.4949	177.723	39.3	32.4"
"SP00065	0.125	NC_017592.1	1	2036867	5139600	1106693	54.3331	296.215	39.3	32.3"
"SP00065	0.1	NC_017592.1	1	2036867	4111921	1064450	52.2592	236.972	39.3	32.4"
"SP00065	0.25	NC_017592.1	1	2036867	10288130	1221439	59.9666	592.943	39.3	32.4"
"SP00065	0.5	NC_017592.1	1	2036867	20567265	1324841	65.0431	1185.31	39.3	32.3"
"SP00065	1.0	NC_017592.1	1	2036867	41138826	1408452	69.148	2371.03	39.3	32.3"
"SP00066	0.025	NC_017592.1	1	2036867	894365	736593	36.163	51.229	39.2	26.2"
"SP00066	0.05	NC_017592.1	1	2036867	1789112	883842	43.3922	102.447	39.2	26.2"
"SP00066	0.075	NC_017592.1	1	2036867	2684236	967676	47.5081	153.685	39.2	26.2"
"SP00066	0.125	NC_017592.1	1	2036867	4472769	1075488	52.8011	256.142	39.2	26.2"
"SP00066	0.1	NC_017592.1	1	2036867	3578870	1029240	50.5305	204.91	39.2	26.2"
"SP00066	0.25	NC_017592.1	1	2036867	8949327	1223280	60.0569	512.601	39.2	26.2"
"SP00066	0.5	NC_017592.1	1	2036867	17893363	1364221	66.9764	1024.84	39.2	26.2"
"SP00066	1.0	NC_017592.1	1	2036867	35773397	1488045	73.0556	2048.65	39.2	26.2"
"SP00067	0.025	NC_017592.1	1	2036867	931737	1622554	79.6593	57.9554	39.2	52.9"
"SP00067	0.05	NC_017592.1	1	2036867	1861822	1818569	89.2827	115.792	39.2	52.9"
"SP00067	0.075	NC_017592.1	1	2036867	2792745	1888994	92.7402	173.704	39.2	52.9"
"SP00067	0.125	NC_017592.1	1	2036867	4654908	1949194	95.6957	289.517	39.2	52.9"
"SP00067	0.1	NC_017592.1	1	2036867	3723267	1927048	94.6084	231.572	39.2	52.9"
"SP00067	0.25	NC_017592.1	1	2036867	9311039	1998867	98.1344	579.174	39.2	52.9"
"SP00067	0.5	NC_017592.1	1	2036867	18627523	2022663	99.3027	1158.6	39.2	52.9"
"SP00067	1.0	NC_017592.1	1	2036867	37247332	2031847	99.7535	2316.52	39.2	52.9"
"SP00068	0.025	NC_017592.1	1	2036867	1324466	1556887	76.4354	81.5731	39.2	52.8"
"SP00068	0.05	NC_017592.1	1	2036867	2651197	1712073	84.0542	163.323	39.2	52.8"
"SP00068	0.075	NC_017592.1	1	2036867	3979405	1777293	87.2562	245.107	39.2	52.8"
"SP00068	0.125	NC_017592.1	1	2036867	6626923	1839847	90.3273	408.194	39.2	52.8"
"SP00068	0.1	NC_017592.1	1	2036867	5304129	1815404	89.1273	326.679	39.2	52.8"
"SP00068	0.25	NC_017592.1	1	2036867	13252840	1894647	93.0177	816.208	39.2	52.8"
"SP00068	0.5	NC_017592.1	1	2036867	26494605	1930887	94.7969	1631.71	39.2	52.8"
"SP00068	1.0	NC_017592.1	1	2036867	52981649	1953045	95.8848	3262.96	39.2	52.8"
"SP00069	0.025	NC_017592.1	1	2036867	705687	8284	0.406703	9.29065	38.8	1.93"
"SP00069	0.05	NC_017592.1	1	2036867	1413876	9875	0.484813	18.6138	38.8	1.92"
"SP00069	0.075	NC_017592.1	1	2036867	2120782	11248	0.552221	27.9199	38.8	1.93"
"SP00069	0.125	NC_017592.1	1	2036867	3533205	13940	0.684384	46.5137	38.8	1.92"
"SP00069	0.1	NC_017592.1	1	2036867	2826275	12530	0.61516	37.2065	38.8	1.92"
"SP00069	0.25	NC_017592.1	1	2036867	7061551	19421	0.953474	92.9645	38.8	1.92"
"SP00069	0.5	NC_017592.1	1	2036867	14132870	26679	1.30981	186.056	38.8	1.91"
"SP00069	1.0	NC_017592.1	1	2036867	28263956	34676	1.70242	291.415	38.8	1.91"