Seq_ID	subsample	rname	startpos	endpos	numreads	covbases	coverage	meandepth	meanbaseq	meanmapq
Yale-TB080	0.05	NC_000962.3	1	4411532	21071	597577	13.5458	0.587634	39.6	60
Yale-TB080	0.25	NC_000962.3	1	4411532	103021	1374975	31.1677	2.87983	39.6	60
Yale-TB080	0.1	NC_000962.3	1	4411532	41322	882300	19.9999	1.15356	39.6	60
Yale-TB080	0.2	NC_000962.3	1	4411532	82426	1242850	28.1728	2.30368	39.6	60
Yale-TB080	0.15	NC_000962.3	1	4411532	61882	1087622	24.6541	1.72889	39.6	60
Yale-TB080	0.5	NC_000962.3	1	4411532	206687	1820163	41.2592	5.77341	39.6	60
Yale-TB080	1	NC_000962.3	1	4411532	411669	2270225	51.4611	11.4934	39.6	60
Yale-TB108	0.05	NC_000962.3	1	4411532	0	0	0	0	0	0
Yale-TB108	0.25	NC_000962.3	1	4411532	0	0	0	0	0	0
Yale-TB108	0.1	NC_000962.3	1	4411532	0	0	0	0	0	0
Yale-TB108	0.2	NC_000962.3	1	4411532	0	0	0	0	0	0
Yale-TB108	0.15	NC_000962.3	1	4411532	0	0	0	0	0	0
Yale-TB108	0.5	NC_000962.3	1	4411532	0	0	0	0	0	0
Yale-TB108	1	NC_000962.3	1	4411532	0	0	0	0	0	0
Yale-TB044	0.05	NC_000962.3	1	4411532	11	221	0.0050096	0.000229625	39.6	60
Yale-TB044	0.25	NC_000962.3	1	4411532	35	985	0.0223278	0.000745546	39.8	60
Yale-TB044	0.1	NC_000962.3	1	4411532	16	412	0.00933916	0.000332991	39.7	60
Yale-TB044	0.2	NC_000962.3	1	4411532	32	807	0.018293	0.00068593	39.8	60
Yale-TB044	0.15	NC_000962.3	1	4411532	26	805	0.0182476	0.000560803	39.7	60
Yale-TB044	0.5	NC_000962.3	1	4411532	62	1435	0.0325284	0.00138523	39.7	60
Yale-TB044	1	NC_000962.3	1	4411532	117	2180	0.0494159	0.00263559	39.7	60
Yale-TB062	0.05	NC_000962.3	1	4411532	14	734	0.0166382	0.000364499	39.8	60
Yale-TB062	0.25	NC_000962.3	1	4411532	50	2318	0.0525441	0.00135576	39.7	60
Yale-TB062	0.1	NC_000962.3	1	4411532	20	1132	0.02566	0.000505493	39.8	60
Yale-TB062	0.2	NC_000962.3	1	4411532	36	1698	0.03849	0.000912608	39.7	60
Yale-TB062	0.15	NC_000962.3	1	4411532	23	1265	0.0286748	0.000586191	39.8	60
Yale-TB062	0.5	NC_000962.3	1	4411532	86	3553	0.0805389	0.00238897	39.7	60
Yale-TB062	1	NC_000962.3	1	4411532	162	5800	0.131474	0.00445355	39.7	60
Yale-TB085	0.05	NC_000962.3	1	4411532	0	0	0	0	0	0
Yale-TB085	0.25	NC_000962.3	1	4411532	4	253	0.00573497	0.000104499	39.3	60
Yale-TB085	0.1	NC_000962.3	1	4411532	0	0	0	0	0	0
Yale-TB085	0.2	NC_000962.3	1	4411532	2	154	0.00349085	6.05E-05	39.3	60
Yale-TB085	0.15	NC_000962.3	1	4411532	2	154	0.00349085	6.05E-05	39.3	60
Yale-TB085	0.5	NC_000962.3	1	4411532	10	609	0.0138047	0.000261134	39.4	60
Yale-TB085	1	NC_000962.3	1	4411532	22	974	0.0220785	0.000533375	39.4	60
Yale-TB036	0.05	NC_000962.3	1	4411532	38	1649	0.0373793	0.000937769	39.7	60
Yale-TB036	0.25	NC_000962.3	1	4411532	229	3337	0.0756427	0.00534667	39.6	60
Yale-TB036	0.1	NC_000962.3	1	4411532	96	1971	0.0446784	0.00236902	39.7	60
Yale-TB036	0.2	NC_000962.3	1	4411532	188	3119	0.0707011	0.0044735	39.7	60
Yale-TB036	0.15	NC_000962.3	1	4411532	144	2722	0.0617019	0.00343237	39.8	60
Yale-TB036	0.5	NC_000962.3	1	4411532	435	4460	0.101099	0.0102012	39.7	60
Yale-TB036	1	NC_000962.3	1	4411532	849	7126	0.161531	0.0198634	39.7	60
Yale-TB023	0.05	NC_000962.3	1	4411532	1084	47491	1.07652	0.0292873	39.7	60
Yale-TB023	0.25	NC_000962.3	1	4411532	5583	134912	3.05817	0.149565	39.7	60
Yale-TB023	0.1	NC_000962.3	1	4411532	2266	77836	1.76438	0.0609317	39.7	60
Yale-TB023	0.2	NC_000962.3	1	4411532	4506	120738	2.73687	0.120783	39.7	60
Yale-TB023	0.15	NC_000962.3	1	4411532	3388	102543	2.32443	0.0907324	39.7	60
Yale-TB023	0.5	NC_000962.3	1	4411532	11335	191416	4.33899	0.303217	39.7	60
Yale-TB023	1	NC_000962.3	1	4411532	22597	258107	5.85073	0.603921	39.7	60
Yale-TB086	0.05	NC_000962.3	1	4411532	1	151	0.00342285	3.42E-05	39.9	60
Yale-TB086	0.25	NC_000962.3	1	4411532	6	517	0.0117193	0.000175223	39.5	60
Yale-TB086	0.1	NC_000962.3	1	4411532	1	151	0.00342285	3.42E-05	39.9	60
Yale-TB086	0.2	NC_000962.3	1	4411532	4	240	0.00544029	0.000108806	39.9	60
Yale-TB086	0.15	NC_000962.3	1	4411532	2	151	0.00342285	6.85E-05	39.8	60
Yale-TB086	0.5	NC_000962.3	1	4411532	16	1047	0.0237333	0.000415275	39.5	60
Yale-TB086	1	NC_000962.3	1	4411532	26	1186	0.0268841	0.000659635	39.5	60
Yale-TB072	0.05	NC_000962.3	1	4411532	0	0	0	0	0	0
Yale-TB072	0.25	NC_000962.3	1	4411532	5	208	0.00471492	0.000115153	39.8	60
Yale-TB072	0.1	NC_000962.3	1	4411532	0	0	0	0	0	0
Yale-TB072	0.2	NC_000962.3	1	4411532	3	187	0.00423889	6.37E-05	39.7	60
Yale-TB072	0.15	NC_000962.3	1	4411532	2	94	0.00213078	4.26E-05	39.7	60
Yale-TB072	0.5	NC_000962.3	1	4411532	16	723	0.0163889	0.000383767	39.7	60
Yale-TB072	1	NC_000962.3	1	4411532	23	1338	0.0303296	0.000589364	39.7	60
Yale-TB074	0.05	NC_000962.3	1	4411532	3	354	0.00802442	8.02E-05	38.8	60
Yale-TB074	0.25	NC_000962.3	1	4411532	6	517	0.0117193	0.00013578	39	60
Yale-TB074	0.1	NC_000962.3	1	4411532	4	432	0.00979252	9.79E-05	39	60
Yale-TB074	0.2	NC_000962.3	1	4411532	4	432	0.00979252	9.79E-05	39	60
Yale-TB074	0.15	NC_000962.3	1	4411532	4	432	0.00979252	9.79E-05	39	60
Yale-TB074	0.5	NC_000962.3	1	4411532	10	842	0.0190863	0.000240733	39.4	60
Yale-TB074	1	NC_000962.3	1	4411532	38	2804	0.0635607	0.000995119	39.4	60
Yale-TB077	0.05	NC_000962.3	1	4411532	1301205	4074030	92.3496	36.5116	39.6	60
Yale-TB077	0.25	NC_000962.3	1	4411532	6495512	4292845	97.3096	182.32	39.6	60
Yale-TB077	0.1	NC_000962.3	1	4411532	2598915	4225981	95.794	72.9511	39.6	60
Yale-TB077	0.2	NC_000962.3	1	4411532	5194508	4284722	97.1255	145.803	39.6	60
Yale-TB077	0.15	NC_000962.3	1	4411532	3897942	4268597	96.76	109.417	39.6	60
Yale-TB077	0.5	NC_000962.3	1	4411532	12992166	4307459	97.6409	364.667	39.6	60
Yale-TB077	1	NC_000962.3	1	4411532	25986248	4313432	97.7763	729.346	39.6	60
Yale-TB094	0.05	NC_000962.3	1	4411532	2	137	0.0031055	5.62E-05	39.9	60
Yale-TB094	0.25	NC_000962.3	1	4411532	18	1244	0.0281988	0.00050368	39.8	60
Yale-TB094	0.1	NC_000962.3	1	4411532	4	255	0.0057803	0.000109259	39.9	60
Yale-TB094	0.2	NC_000962.3	1	4411532	14	977	0.0221465	0.000387394	39.8	60
Yale-TB094	0.15	NC_000962.3	1	4411532	14	977	0.0221465	0.000387394	39.8	60
Yale-TB094	0.5	NC_000962.3	1	4411532	34	2252	0.051048	0.000908301	39.6	60
Yale-TB094	1	NC_000962.3	1	4411532	67	4406	0.0998746	0.00180187	39.6	60
Yale-TB053	0.05	NC_000962.3	1	4411532	1367650	4059061	92.0102	38.6664	39.6	60
Yale-TB053	0.25	NC_000962.3	1	4411532	6837178	4296549	97.3936	193.339	39.6	60
Yale-TB053	0.1	NC_000962.3	1	4411532	2734564	4225639	95.7862	77.3234	39.6	60
Yale-TB053	0.2	NC_000962.3	1	4411532	5466880	4287986	97.1995	154.609	39.6	60
Yale-TB053	0.15	NC_000962.3	1	4411532	4101815	4270774	96.8093	116.003	39.6	60
Yale-TB053	0.5	NC_000962.3	1	4411532	13676049	4308064	97.6546	386.675	39.6	60
Yale-TB053	1	NC_000962.3	1	4411532	27355172	4312385	97.7525	773.436	39.6	60
Yale-TB083	0.05	NC_000962.3	1	4411532	59	1877	0.0425476	0.00129978	39.8	60
Yale-TB083	0.25	NC_000962.3	1	4411532	222	4818	0.109214	0.00507307	39.7	60
Yale-TB083	0.1	NC_000962.3	1	4411532	101	2731	0.0619059	0.00225817	39.8	60
Yale-TB083	0.2	NC_000962.3	1	4411532	183	4616	0.104635	0.0041387	39.7	60
Yale-TB083	0.15	NC_000962.3	1	4411532	153	3862	0.0875433	0.00340698	39.7	60
Yale-TB083	0.5	NC_000962.3	1	4411532	419	7392	0.167561	0.00953909	39.7	60
Yale-TB083	1	NC_000962.3	1	4411532	907	12018	0.272422	0.0208395	39.7	60
Yale-TB060	0.05	NC_000962.3	1	4411532	3	114	0.00258414	7.66E-05	39.7	60
Yale-TB060	0.25	NC_000962.3	1	4411532	6	295	0.00668702	0.000141447	39.8	60
Yale-TB060	0.1	NC_000962.3	1	4411532	3	114	0.00258414	7.66E-05	39.7	60
Yale-TB060	0.2	NC_000962.3	1	4411532	5	220	0.00498693	0.000124447	39.7	60
Yale-TB060	0.15	NC_000962.3	1	4411532	5	220	0.00498693	0.000124447	39.7	60
Yale-TB060	0.5	NC_000962.3	1	4411532	10	610	0.0138274	0.000240506	39.6	60
Yale-TB060	1	NC_000962.3	1	4411532	26	1583	0.0358832	0.000658728	39.5	60
Yale-TB040	0.05	NC_000962.3	1	4411532	524845	4001865	90.7137	15.1421	39.6	60
Yale-TB040	0.25	NC_000962.3	1	4411532	2625652	4326975	98.0833	75.756	39.6	60
Yale-TB040	0.1	NC_000962.3	1	4411532	1048993	4243749	96.1967	30.2589	39.6	60
Yale-TB040	0.2	NC_000962.3	1	4411532	2100441	4318211	97.8846	60.5976	39.6	60
Yale-TB040	0.15	NC_000962.3	1	4411532	1573322	4300846	97.491	45.3835	39.6	60
Yale-TB040	0.5	NC_000962.3	1	4411532	5253803	4336972	98.3099	151.597	39.6	60
Yale-TB040	1	NC_000962.3	1	4411532	10507491	4340067	98.38	303.227	39.6	60
Yale-TB033	0.05	NC_000962.3	1	4411532	53329	1029566	23.3381	1.36693	39.7	60
Yale-TB033	0.25	NC_000962.3	1	4411532	267186	2047655	46.416	6.83766	39.7	60
Yale-TB033	0.1	NC_000962.3	1	4411532	107243	1439957	32.6407	2.74645	39.7	60
Yale-TB033	0.2	NC_000962.3	1	4411532	213632	1897778	43.0186	5.46904	39.7	60
Yale-TB033	0.15	NC_000962.3	1	4411532	160278	1700570	38.5483	4.10144	39.7	60
Yale-TB033	0.5	NC_000962.3	1	4411532	532939	2511671	56.9342	13.6363	39.7	60
Yale-TB033	1	NC_000962.3	1	4411532	1065069	2928409	66.3808	27.2566	39.7	60
Yale-TB089	0.05	NC_000962.3	1	4411532	2679612	4311800	97.7393	81.1096	39.6	60
Yale-TB089	0.25	NC_000962.3	1	4411532	13397365	4312658	97.7587	405.476	39.6	60
Yale-TB089	0.1	NC_000962.3	1	4411532	5363024	4312181	97.7479	162.339	39.6	60
Yale-TB089	0.2	NC_000962.3	1	4411532	10719659	4312512	97.7554	324.436	39.6	60
Yale-TB089	0.15	NC_000962.3	1	4411532	8041801	4312393	97.7527	243.405	39.6	60
Yale-TB089	0.5	NC_000962.3	1	4411532	26789514	4312939	97.7651	810.835	39.6	60
Yale-TB089	1	NC_000962.3	1	4411532	53572213	4313070	97.7681	1621.39	39.6	60
Yale-TB102	0.05	NC_000962.3	1	4411532	15323	1061558	24.0633	0.452104	39.6	60
Yale-TB102	0.25	NC_000962.3	1	4411532	76543	3187916	72.2632	2.25898	39.6	60
Yale-TB102	0.1	NC_000962.3	1	4411532	30902	1861124	42.1877	0.912707	39.6	60
Yale-TB102	0.2	NC_000962.3	1	4411532	61120	2859184	64.8116	1.80521	39.6	60
Yale-TB102	0.15	NC_000962.3	1	4411532	46075	2431226	55.1107	1.35999	39.6	60
Yale-TB102	0.5	NC_000962.3	1	4411532	152694	3962679	89.8255	4.50684	39.6	60
Yale-TB102	1	NC_000962.3	1	4411532	306608	4273684	96.8753	9.04669	39.6	60
Yale-TB103	0.05	NC_000962.3	1	4411532	5083	381076	8.63818	0.149596	39.6	60
Yale-TB103	0.25	NC_000962.3	1	4411532	24442	1517994	34.4097	0.721517	39.6	60
Yale-TB103	0.1	NC_000962.3	1	4411532	9932	707266	16.0322	0.293294	39.6	60
Yale-TB103	0.2	NC_000962.3	1	4411532	19742	1282380	29.0688	0.582853	39.6	60
Yale-TB103	0.15	NC_000962.3	1	4411532	14824	1011581	22.9304	0.438469	39.6	60
Yale-TB103	0.5	NC_000962.3	1	4411532	49267	2446104	55.4479	1.45597	39.6	60
Yale-TB103	1	NC_000962.3	1	4411532	99531	3417134	77.4591	2.94161	39.6	60
Yale-TB078	0.05	NC_000962.3	1	4411532	476898	3273020	74.1924	13.2101	39.7	60
Yale-TB078	0.25	NC_000962.3	1	4411532	2385850	4095418	92.8344	66.1045	39.7	60
Yale-TB078	0.1	NC_000962.3	1	4411532	955020	3741438	84.8104	26.4555	39.7	60
Yale-TB078	0.2	NC_000962.3	1	4411532	1909809	4035954	91.4864	52.915	39.7	60
Yale-TB078	0.15	NC_000962.3	1	4411532	1432280	3934067	89.1769	39.6805	39.7	60
Yale-TB078	0.5	NC_000962.3	1	4411532	4775213	4219435	95.6456	132.312	39.7	60
Yale-TB078	1	NC_000962.3	1	4411532	9556380	4270433	96.8016	264.79	39.7	60
Yale-TB107	0.05	NC_000962.3	1	4411532	0	0	0	0	0	0
Yale-TB107	0.25	NC_000962.3	1	4411532	0	0	0	0	0	0
Yale-TB107	0.1	NC_000962.3	1	4411532	0	0	0	0	0	0
Yale-TB107	0.2	NC_000962.3	1	4411532	0	0	0	0	0	0
Yale-TB107	0.15	NC_000962.3	1	4411532	0	0	0	0	0	0
Yale-TB107	0.5	NC_000962.3	1	4411532	3	227	0.0051456	7.96E-05	39.3	60
Yale-TB107	1	NC_000962.3	1	4411532	5	406	0.00920315	0.000147794	39.5	60
Yale-TB066	0.05	NC_000962.3	1	4411532	440188	3145182	71.2946	12.2293	39.7	60
Yale-TB066	0.25	NC_000962.3	1	4411532	2194581	4047695	91.7526	60.9338	39.7	60
Yale-TB066	0.1	NC_000962.3	1	4411532	879521	3638563	82.4784	24.4289	39.7	60
Yale-TB066	0.2	NC_000962.3	1	4411532	1756381	3972309	90.0438	48.7668	39.7	60
Yale-TB066	0.15	NC_000962.3	1	4411532	1317519	3855436	87.3945	36.5886	39.7	60
Yale-TB066	0.5	NC_000962.3	1	4411532	4390204	4193810	95.0647	121.936	39.7	60
Yale-TB066	1	NC_000962.3	1	4411532	8785428	4257395	96.506	244.036	39.7	60
Yale-TB087	0.05	NC_000962.3	1	4411532	0	0	0	0	0	0
Yale-TB087	0.25	NC_000962.3	1	4411532	1	74	0.00167742	1.68E-05	38.3	60
Yale-TB087	0.1	NC_000962.3	1	4411532	0	0	0	0	0	0
Yale-TB087	0.2	NC_000962.3	1	4411532	1	74	0.00167742	1.68E-05	38.3	60
Yale-TB087	0.15	NC_000962.3	1	4411532	0	0	0	0	0	0
Yale-TB087	0.5	NC_000962.3	1	4411532	6	270	0.00612032	0.000109939	39.7	60
Yale-TB087	1	NC_000962.3	1	4411532	10	272	0.00616566	0.000211264	39	60
Yale-TB054	0.05	NC_000962.3	1	4411532	888147	3685955	83.5527	24.8231	39.6	60
Yale-TB054	0.25	NC_000962.3	1	4411532	4439885	4217118	95.5931	124.142	39.6	60
Yale-TB054	0.1	NC_000962.3	1	4411532	1775578	4013783	90.9839	49.6311	39.6	60
Yale-TB054	0.2	NC_000962.3	1	4411532	3552969	4186249	94.8933	99.338	39.6	60
Yale-TB054	0.15	NC_000962.3	1	4411532	2666662	4131312	93.648	74.5539	39.6	60
Yale-TB054	0.5	NC_000962.3	1	4411532	8875518	4272844	96.8562	248.167	39.6	60
Yale-TB054	1	NC_000962.3	1	4411532	17751359	4294138	97.3389	496.382	39.6	60
Yale-TB042	0.05	NC_000962.3	1	4411532	13	551	0.01249	0.00032347	39.8	60
Yale-TB042	0.25	NC_000962.3	1	4411532	62	2236	0.0506853	0.00156068	39.7	60
Yale-TB042	0.1	NC_000962.3	1	4411532	24	1011	0.0229172	0.000592538	39.6	60
Yale-TB042	0.2	NC_000962.3	1	4411532	52	2140	0.0485092	0.00130114	39.7	60
Yale-TB042	0.15	NC_000962.3	1	4411532	40	1558	0.0353165	0.000977212	39.6	60
Yale-TB042	0.5	NC_000962.3	1	4411532	124	3536	0.0801536	0.00311887	39.7	60
Yale-TB042	1	NC_000962.3	1	4411532	257	5873	0.133128	0.0063699	39.7	60
Yale-TB030	0.05	NC_000962.3	1	4411532	971062	3797893	86.0901	26.9383	39.7	60
Yale-TB030	0.25	NC_000962.3	1	4411532	4850230	4269942	96.7905	134.547	39.7	60
Yale-TB030	0.1	NC_000962.3	1	4411532	1939032	4096595	92.8611	53.7971	39.7	60
Yale-TB030	0.2	NC_000962.3	1	4411532	3880609	4247793	96.2884	107.651	39.7	60
Yale-TB030	0.15	NC_000962.3	1	4411532	2911683	4199561	95.1951	80.7703	39.7	60
Yale-TB030	0.5	NC_000962.3	1	4411532	9698246	4306080	97.6096	269.022	39.7	60
Yale-TB030	1	NC_000962.3	1	4411532	19385945	4319203	97.9071	537.766	39.7	60
Yale-TB061	0.05	NC_000962.3	1	4411532	0	0	0	0	0	0
Yale-TB061	0.25	NC_000962.3	1	4411532	10	276	0.00625633	0.00019585	39.8	60
Yale-TB061	0.1	NC_000962.3	1	4411532	0	0	0	0	0	0
Yale-TB061	0.2	NC_000962.3	1	4411532	4	177	0.00401221	7.75E-05	39.9	60
Yale-TB061	0.15	NC_000962.3	1	4411532	2	98	0.00222145	4.17E-05	39.7	60
Yale-TB061	0.5	NC_000962.3	1	4411532	29	632	0.0143261	0.000652381	39.8	60
Yale-TB061	1	NC_000962.3	1	4411532	60	1320	0.0299216	0.00140019	39.8	60
Yale-TB096	0.05	NC_000962.3	1	4411532	0	0	0	0	0	0
Yale-TB096	0.25	NC_000962.3	1	4411532	0	0	0	0	0	0
Yale-TB096	0.1	NC_000962.3	1	4411532	0	0	0	0	0	0
Yale-TB096	0.2	NC_000962.3	1	4411532	0	0	0	0	0	0
Yale-TB096	0.15	NC_000962.3	1	4411532	0	0	0	0	0	0
Yale-TB096	0.5	NC_000962.3	1	4411532	0	0	0	0	0	0
Yale-TB096	1	NC_000962.3	1	4411532	0	0	0	0	0	0
Yale-TB058	0.05	NC_000962.3	1	4411532	102	4664	0.105723	0.00232731	39.8	60
Yale-TB058	0.25	NC_000962.3	1	4411532	579	21498	0.487314	0.0132874	39.7	60
Yale-TB058	0.1	NC_000962.3	1	4411532	201	8794	0.199341	0.00456055	39.7	60
Yale-TB058	0.2	NC_000962.3	1	4411532	446	17405	0.394534	0.0101999	39.7	60
Yale-TB058	0.15	NC_000962.3	1	4411532	338	13775	0.31225	0.00770503	39.7	60
Yale-TB058	0.5	NC_000962.3	1	4411532	1217	38467	0.871965	0.0279914	39.7	60
Yale-TB058	1	NC_000962.3	1	4411532	2366	61825	1.40144	0.0548238	39.7	60
Yale-TB109	0.05	NC_000962.3	1	4411532	0	0	0	0	0	0
Yale-TB109	0.25	NC_000962.3	1	4411532	0	0	0	0	0	0
Yale-TB109	0.1	NC_000962.3	1	4411532	0	0	0	0	0	0
Yale-TB109	0.2	NC_000962.3	1	4411532	0	0	0	0	0	0
Yale-TB109	0.15	NC_000962.3	1	4411532	0	0	0	0	0	0
Yale-TB109	0.5	NC_000962.3	1	4411532	0	0	0	0	0	0
Yale-TB109	1	NC_000962.3	1	4411532	0	0	0	0	0	0
Yale-TB032	0.05	NC_000962.3	1	4411532	294575	2693576	61.0576	7.80475	39.6	60
Yale-TB032	0.25	NC_000962.3	1	4411532	1472081	3759552	85.221	39.0254	39.6	60
Yale-TB032	0.1	NC_000962.3	1	4411532	589157	3236686	73.3688	15.6213	39.6	60
Yale-TB032	0.2	NC_000962.3	1	4411532	1177294	3652393	82.7919	31.2115	39.6	60
Yale-TB032	0.15	NC_000962.3	1	4411532	883210	3498549	79.3046	23.413	39.6	60
Yale-TB032	0.5	NC_000962.3	1	4411532	2948250	4008862	90.8723	78.1706	39.6	60
Yale-TB032	1	NC_000962.3	1	4411532	5892107	4153272	94.1458	156.238	39.6	60
Yale-TB038	0.05	NC_000962.3	1	4411532	34	1000	0.0226679	0.000862059	39.5	60
Yale-TB038	0.25	NC_000962.3	1	4411532	124	2877	0.0652154	0.0031293	39.6	60
Yale-TB038	0.1	NC_000962.3	1	4411532	52	1199	0.0271788	0.00130567	39.5	60
Yale-TB038	0.2	NC_000962.3	1	4411532	104	2126	0.0481919	0.00256691	39.6	60
Yale-TB038	0.15	NC_000962.3	1	4411532	86	1927	0.043681	0.00214257	39.6	60
Yale-TB038	0.5	NC_000962.3	1	4411532	217	3677	0.0833497	0.00540425	39.7	60
Yale-TB038	1	NC_000962.3	1	4411532	405	5451	0.123563	0.0102688	39.7	60
Yale-TB079	0.05	NC_000962.3	1	4411532	541546	3241317	73.4737	14.6861	39.7	60
Yale-TB079	0.25	NC_000962.3	1	4411532	2700746	4030409	91.3608	73.2284	39.7	60
Yale-TB079	0.1	NC_000962.3	1	4411532	1081529	3685008	83.5313	29.314	39.7	60
Yale-TB079	0.2	NC_000962.3	1	4411532	2161913	3964910	89.876	58.6181	39.7	60
Yale-TB079	0.15	NC_000962.3	1	4411532	1621276	3863644	87.5806	43.9533	39.7	60
Yale-TB079	0.5	NC_000962.3	1	4411532	5402272	4162592	94.3571	146.485	39.7	60
Yale-TB079	1	NC_000962.3	1	4411532	10808524	4230749	95.902	293.084	39.7	60
Yale-TB082	0.05	NC_000962.3	1	4411532	324	14877	0.33723	0.0075484	39.6	60
Yale-TB082	0.25	NC_000962.3	1	4411532	1435	47247	1.07099	0.0347181	39.7	60
Yale-TB082	0.1	NC_000962.3	1	4411532	591	24560	0.556723	0.0140294	39.6	60
Yale-TB082	0.2	NC_000962.3	1	4411532	1151	41140	0.932556	0.027862	39.7	60
Yale-TB082	0.15	NC_000962.3	1	4411532	881	33850	0.767307	0.0212747	39.7	60
Yale-TB082	0.5	NC_000962.3	1	4411532	2910	79002	1.79081	0.0706725	39.7	60
Yale-TB082	1	NC_000962.3	1	4411532	5907	118594	2.68827	0.143308	39.7	60
Yale-TB095	0.05	NC_000962.3	1	4411532	0	0	0	0	0	0
Yale-TB095	0.25	NC_000962.3	1	4411532	1	146	0.00330951	3.31E-05	39.7	60
Yale-TB095	0.1	NC_000962.3	1	4411532	0	0	0	0	0	0
Yale-TB095	0.2	NC_000962.3	1	4411532	1	146	0.00330951	3.31E-05	39.7	60
Yale-TB095	0.15	NC_000962.3	1	4411532	0	0	0	0	0	0
Yale-TB095	0.5	NC_000962.3	1	4411532	1	146	0.00330951	3.31E-05	39.7	60
Yale-TB095	1	NC_000962.3	1	4411532	3	241	0.00546295	7.55E-05	39.5	60
Yale-TB104	0.05	NC_000962.3	1	4411532	338	27413	0.621394	0.0101609	39.6	60
Yale-TB104	0.25	NC_000962.3	1	4411532	1756	134711	3.05361	0.0520289	39.6	60
Yale-TB104	0.1	NC_000962.3	1	4411532	694	54656	1.23893	0.0208173	39.6	60
Yale-TB104	0.2	NC_000962.3	1	4411532	1426	110145	2.49675	0.0421178	39.6	60
Yale-TB104	0.15	NC_000962.3	1	4411532	1024	80511	1.82501	0.030532	39.6	60
Yale-TB104	0.5	NC_000962.3	1	4411532	3482	254280	5.76398	0.10297	39.6	60
Yale-TB104	1	NC_000962.3	1	4411532	6962	461883	10.4699	0.205945	39.6	60
Yale-TB092	0.05	NC_000962.3	1	4411532	1455	113989	2.58389	0.0408482	39.6	60
Yale-TB092	0.25	NC_000962.3	1	4411532	7379	530362	12.0222	0.20728	39.6	60
Yale-TB092	0.1	NC_000962.3	1	4411532	2848	218964	4.96345	0.0799944	39.6	60
Yale-TB092	0.2	NC_000962.3	1	4411532	5869	430021	9.74766	0.164826	39.6	60
Yale-TB092	0.15	NC_000962.3	1	4411532	4409	330949	7.50191	0.123872	39.6	60
Yale-TB092	0.5	NC_000962.3	1	4411532	14667	949338	21.5195	0.412476	39.6	60
Yale-TB092	1	NC_000962.3	1	4411532	29333	1588142	35.9998	0.825725	39.6	60
Yale-TB039	0.05	NC_000962.3	1	4411532	1188434	4311793	97.7391	35.0239	39.6	60
Yale-TB039	0.25	NC_000962.3	1	4411532	5934943	4341145	98.4045	174.921	39.6	60
Yale-TB039	0.1	NC_000962.3	1	4411532	2375488	4338338	98.3408	70.0089	39.6	60
Yale-TB039	0.2	NC_000962.3	1	4411532	4746011	4340885	98.3986	139.89	39.6	60
Yale-TB039	0.15	NC_000962.3	1	4411532	3561654	4340426	98.3882	104.976	39.6	60
Yale-TB039	0.5	NC_000962.3	1	4411532	11865242	4341853	98.4205	349.703	39.6	60
Yale-TB039	1	NC_000962.3	1	4411532	23738221	4342192	98.4282	699.625	39.6	60
Yale-TB067	0.05	NC_000962.3	1	4411532	577126	3233445	73.2953	15.9721	39.7	60
Yale-TB067	0.25	NC_000962.3	1	4411532	2895042	4001302	90.701	80.1062	39.7	60
Yale-TB067	0.1	NC_000962.3	1	4411532	1157847	3655450	82.8612	32.0361	39.7	60
Yale-TB067	0.2	NC_000962.3	1	4411532	2315530	3937916	89.2641	64.0659	39.7	60
Yale-TB067	0.15	NC_000962.3	1	4411532	1736586	3836511	86.9655	48.0532	39.7	60
Yale-TB067	0.5	NC_000962.3	1	4411532	5796328	4145827	93.977	160.393	39.7	60
Yale-TB067	1	NC_000962.3	1	4411532	11591020	4214441	95.5324	320.782	39.7	60
Yale-TB056	0.05	NC_000962.3	1	4411532	244099	2554417	57.9032	6.47414	39.7	60
Yale-TB056	0.25	NC_000962.3	1	4411532	1224086	3639074	82.49	32.4884	39.7	60
Yale-TB056	0.1	NC_000962.3	1	4411532	489302	3094465	70.1449	12.9836	39.7	60
Yale-TB056	0.2	NC_000962.3	1	4411532	979145	3530563	80.0303	25.9846	39.7	60
Yale-TB056	0.15	NC_000962.3	1	4411532	734651	3361459	76.1971	19.4957	39.7	60
Yale-TB056	0.5	NC_000962.3	1	4411532	2447982	3911531	88.666	64.9555	39.7	60
Yale-TB056	1	NC_000962.3	1	4411532	4896304	4071827	92.2996	129.925	39.7	60
Yale-TB029	0.05	NC_000962.3	1	4411532	1835874	4276059	96.9291	52.3305	39.6	60
Yale-TB029	0.25	NC_000962.3	1	4411532	9179778	4323163	97.9969	261.624	39.6	60
Yale-TB029	0.1	NC_000962.3	1	4411532	3671314	4311437	97.7311	104.648	39.6	60
Yale-TB029	0.2	NC_000962.3	1	4411532	7341874	4321573	97.9608	209.246	39.6	60
Yale-TB029	0.15	NC_000962.3	1	4411532	5507621	4318838	97.8988	156.99	39.6	60
Yale-TB029	0.5	NC_000962.3	1	4411532	18358772	4326049	98.0623	523.19	39.6	60
Yale-TB029	1	NC_000962.3	1	4411532	36717689	4327361	98.092	1046.34	39.6	60
Yale-TB059	0.05	NC_000962.3	1	4411532	69	2392	0.0542215	0.00157746	39.7	60
Yale-TB059	0.25	NC_000962.3	1	4411532	345	8170	0.185196	0.00804845	39.7	60
Yale-TB059	0.1	NC_000962.3	1	4411532	140	4624	0.104816	0.00330633	39.7	60
Yale-TB059	0.2	NC_000962.3	1	4411532	286	7598	0.17223	0.00673213	39.7	60
Yale-TB059	0.15	NC_000962.3	1	4411532	207	6238	0.141402	0.00484503	39.7	60
Yale-TB059	0.5	NC_000962.3	1	4411532	721	13357	0.302775	0.017194	39.7	60
Yale-TB059	1	NC_000962.3	1	4411532	1417	17274	0.391565	0.0334877	39.7	60
Yale-TB097	0.05	NC_000962.3	1	4411532	0	0	0	0	0	0
Yale-TB097	0.25	NC_000962.3	1	4411532	2	107	0.00242546	4.65E-05	39.2	60
Yale-TB097	0.1	NC_000962.3	1	4411532	0	0	0	0	0	0
Yale-TB097	0.2	NC_000962.3	1	4411532	0	0	0	0	0	0
Yale-TB097	0.15	NC_000962.3	1	4411532	0	0	0	0	0	0
Yale-TB097	0.5	NC_000962.3	1	4411532	2	107	0.00242546	4.65E-05	39.2	60
Yale-TB097	1	NC_000962.3	1	4411532	2	107	0.00242546	4.65E-05	39.2	60
Yale-TB034	0.05	NC_000962.3	1	4411532	2802	88885	2.01483	0.0674242	39.7	60
Yale-TB034	0.25	NC_000962.3	1	4411532	14030	257386	5.83439	0.337041	39.7	60
Yale-TB034	0.1	NC_000962.3	1	4411532	5637	144766	3.28154	0.135418	39.7	60
Yale-TB034	0.2	NC_000962.3	1	4411532	11214	225763	5.11756	0.269319	39.7	60
Yale-TB034	0.15	NC_000962.3	1	4411532	8385	188138	4.26469	0.201464	39.7	60
Yale-TB034	0.5	NC_000962.3	1	4411532	28017	380254	8.61955	0.674583	39.7	60
Yale-TB034	1	NC_000962.3	1	4411532	56684	538833	12.2142	1.36521	39.7	60
Yale-TB099	0.05	NC_000962.3	1	4411532	1544292	4325925	98.0595	46.8315	39.6	60
Yale-TB099	0.25	NC_000962.3	1	4411532	7708236	4327762	98.1011	233.729	39.6	60
Yale-TB099	0.1	NC_000962.3	1	4411532	3087881	4327002	98.0839	93.6365	39.6	60
Yale-TB099	0.2	NC_000962.3	1	4411532	6170204	4327577	98.0969	187.093	39.6	60
Yale-TB099	0.15	NC_000962.3	1	4411532	4628616	4327302	98.0907	140.337	39.6	60
Yale-TB099	0.5	NC_000962.3	1	4411532	15411499	4327966	98.1057	467.266	39.6	60
Yale-TB099	1	NC_000962.3	1	4411532	30824869	4328119	98.1092	934.601	39.6	60
Yale-TB110	0.05	NC_000962.3	1	4411532	0	0	0	0	0	0
Yale-TB110	0.25	NC_000962.3	1	4411532	0	0	0	0	0	0
Yale-TB110	0.1	NC_000962.3	1	4411532	0	0	0	0	0	0
Yale-TB110	0.2	NC_000962.3	1	4411532	0	0	0	0	0	0
Yale-TB110	0.15	NC_000962.3	1	4411532	0	0	0	0	0	0
Yale-TB110	0.5	NC_000962.3	1	4411532	0	0	0	0	0	0
Yale-TB110	1	NC_000962.3	1	4411532	0	0	0	0	0	0
Yale-TB031	0.05	NC_000962.3	1	4411532	422157	2991711	67.8157	11.5927	39.7	60
Yale-TB031	0.25	NC_000962.3	1	4411532	2113666	3986752	90.3711	58.0356	39.7	60
Yale-TB031	0.1	NC_000962.3	1	4411532	844619	3520682	79.8063	23.1962	39.7	60
Yale-TB031	0.2	NC_000962.3	1	4411532	1690717	3898947	88.3808	46.4254	39.7	60
Yale-TB031	0.15	NC_000962.3	1	4411532	1267682	3759933	85.2296	34.8096	39.7	60
Yale-TB031	0.5	NC_000962.3	1	4411532	4227184	4163990	94.3888	116.045	39.7	60
Yale-TB031	1	NC_000962.3	1	4411532	8455471	4249231	96.321	232.083	39.7	60
Yale-TB024	0.05	NC_000962.3	1	4411532	119	3872	0.08777	0.00294002	39.7	60
Yale-TB024	0.25	NC_000962.3	1	4411532	553	11923	0.270269	0.0134157	39.7	60
Yale-TB024	0.1	NC_000962.3	1	4411532	231	6508	0.147522	0.005618	39.7	60
Yale-TB024	0.2	NC_000962.3	1	4411532	457	10866	0.246309	0.0111501	39.7	60
Yale-TB024	0.15	NC_000962.3	1	4411532	334	8420	0.190863	0.00813119	39.7	60
Yale-TB024	0.5	NC_000962.3	1	4411532	1128	17362	0.393559	0.0274793	39.7	60
Yale-TB024	1	NC_000962.3	1	4411532	2328	22632	0.513019	0.0569485	39.7	60
Yale-TB048	0.05	NC_000962.3	1	4411532	6	338	0.00766174	0.000116739	39.3	60
Yale-TB048	0.25	NC_000962.3	1	4411532	20	859	0.0194717	0.000416409	39.6	60
Yale-TB048	0.1	NC_000962.3	1	4411532	11	560	0.012694	0.000231212	39.4	60
Yale-TB048	0.2	NC_000962.3	1	4411532	17	732	0.0165929	0.000345458	39.5	60
Yale-TB048	0.15	NC_000962.3	1	4411532	14	653	0.0148021	0.000292642	39.5	60
Yale-TB048	0.5	NC_000962.3	1	4411532	47	1637	0.0371073	0.0010094	39.6	60
Yale-TB048	1	NC_000962.3	1	4411532	93	2052	0.0465145	0.00197324	39.7	60
Yale-TB051	0.05	NC_000962.3	1	4411532	1699998	4265430	96.6882	48.9705	39.6	60
Yale-TB051	0.25	NC_000962.3	1	4411532	8501339	4312409	97.7531	244.86	39.6	60
Yale-TB051	0.1	NC_000962.3	1	4411532	3399079	4302572	97.5301	97.9082	39.6	60
Yale-TB051	0.2	NC_000962.3	1	4411532	6799406	4311017	97.7215	195.823	39.6	60
Yale-TB051	0.15	NC_000962.3	1	4411532	5099192	4308730	97.6697	146.862	39.6	60
Yale-TB051	0.5	NC_000962.3	1	4411532	17009566	4314218	97.7941	489.883	39.6	60
Yale-TB051	1	NC_000962.3	1	4411532	34020790	4315706	97.8278	979.719	39.6	60
Yale-TB017	0.05	NC_000962.3	1	4411532	718948	3966661	89.9157	20.0927	39.7	60
Yale-TB017	0.25	NC_000962.3	1	4411532	3587538	4294376	97.3443	100.277	39.7	60
Yale-TB017	0.1	NC_000962.3	1	4411532	1436148	4205951	95.3399	40.1443	39.7	60
Yale-TB017	0.2	NC_000962.3	1	4411532	2870907	4286078	97.1562	80.254	39.7	60
Yale-TB017	0.15	NC_000962.3	1	4411532	2153812	4265638	96.6929	60.2054	39.7	60
Yale-TB017	0.5	NC_000962.3	1	4411532	7179674	4306295	97.6145	200.679	39.7	60
Yale-TB017	1	NC_000962.3	1	4411532	14357244	4310242	97.704	401.331	39.7	60
Yale-TB073	0.05	NC_000962.3	1	4411532	13	367	0.00831911	0.000277908	39.6	60
Yale-TB073	0.25	NC_000962.3	1	4411532	29	803	0.0182023	0.000729225	39.6	60
Yale-TB073	0.1	NC_000962.3	1	4411532	17	378	0.00856845	0.000377193	39.7	60
Yale-TB073	0.2	NC_000962.3	1	4411532	27	559	0.0126713	0.000667115	39.6	60
Yale-TB073	0.15	NC_000962.3	1	4411532	23	382	0.00865912	0.000544029	39.7	60
Yale-TB073	0.5	NC_000962.3	1	4411532	56	1544	0.0349992	0.00141289	39.6	60
Yale-TB073	1	NC_000962.3	1	4411532	121	3455	0.0783175	0.00304565	39.6	60
Yale-TB090	0.05	NC_000962.3	1	4411532	130396	3810909	86.3852	3.6139	39.6	60
Yale-TB090	0.25	NC_000962.3	1	4411532	658740	4305882	97.6051	18.2594	39.6	60
Yale-TB090	0.1	NC_000962.3	1	4411532	262520	4224067	95.7506	7.28032	39.6	60
Yale-TB090	0.2	NC_000962.3	1	4411532	526789	4301951	97.516	14.6014	39.6	60
Yale-TB090	0.15	NC_000962.3	1	4411532	394619	4288855	97.2192	10.9407	39.6	60
Yale-TB090	0.5	NC_000962.3	1	4411532	1314816	4309287	97.6823	36.4558	39.6	60
Yale-TB090	1	NC_000962.3	1	4411532	2631322	4310525	97.7104	72.9692	39.6	60
Yale-TB022	0.05	NC_000962.3	1	4411532	26567	590846	13.3932	0.691251	39.7	60
Yale-TB022	0.25	NC_000962.3	1	4411532	134915	1244322	28.2061	3.50925	39.7	60
Yale-TB022	0.1	NC_000962.3	1	4411532	53806	848205	19.227	1.4011	39.7	60
Yale-TB022	0.2	NC_000962.3	1	4411532	108149	1142665	25.9018	2.81259	39.7	60
Yale-TB022	0.15	NC_000962.3	1	4411532	81245	1018169	23.0797	2.11419	39.7	60
Yale-TB022	0.5	NC_000962.3	1	4411532	269127	1573986	35.6789	6.99064	39.7	60
Yale-TB022	1	NC_000962.3	1	4411532	539305	1905440	43.1923	14.0144	39.7	60
Yale-TB091	0.05	NC_000962.3	1	4411532	19711	1286739	29.1676	0.553678	39.6	60
Yale-TB091	0.25	NC_000962.3	1	4411532	98686	3482428	78.9392	2.77489	39.6	60
Yale-TB091	0.1	NC_000962.3	1	4411532	39608	2177998	49.3706	1.11306	39.6	60
Yale-TB091	0.2	NC_000962.3	1	4411532	78954	3187420	72.252	2.21988	39.6	60
Yale-TB091	0.15	NC_000962.3	1	4411532	59207	2769488	62.7784	1.66469	39.6	60
Yale-TB091	0.5	NC_000962.3	1	4411532	197530	4099336	92.9232	5.55081	39.6	60
Yale-TB091	1	NC_000962.3	1	4411532	394274	4284159	97.1127	11.0836	39.6	60
Yale-TB047	0.05	NC_000962.3	1	4411532	237	5067	0.114858	0.00528637	39.7	60
Yale-TB047	0.25	NC_000962.3	1	4411532	1231	10359	0.234816	0.0273107	39.7	60
Yale-TB047	0.1	NC_000962.3	1	4411532	487	6340	0.143714	0.0107722	39.7	60
Yale-TB047	0.2	NC_000962.3	1	4411532	992	9159	0.207615	0.0219361	39.7	60
Yale-TB047	0.15	NC_000962.3	1	4411532	740	7861	0.178192	0.0164378	39.7	60
Yale-TB047	0.5	NC_000962.3	1	4411532	2539	12498	0.283303	0.0566941	39.7	60
Yale-TB047	1	NC_000962.3	1	4411532	5123	16198	0.367174	0.114009	39.7	60
Yale-TB081	0.05	NC_000962.3	1	4411532	10449	273797	6.20639	0.247171	39.7	60
Yale-TB081	0.25	NC_000962.3	1	4411532	52035	678036	15.3696	1.2279	39.7	60
Yale-TB081	0.1	NC_000962.3	1	4411532	20864	418007	9.47533	0.49224	39.7	60
Yale-TB081	0.2	NC_000962.3	1	4411532	41586	605351	13.722	0.981493	39.7	60
Yale-TB081	0.15	NC_000962.3	1	4411532	31225	518981	11.7642	0.736298	39.7	60
Yale-TB081	0.5	NC_000962.3	1	4411532	104227	931132	21.1068	2.46196	39.7	60
Yale-TB081	1	NC_000962.3	1	4411532	208336	1216645	27.5787	4.92473	39.7	60
Yale-TB064	0.05	NC_000962.3	1	4411532	1660281	4250268	96.3445	47.0248	39.6	60
Yale-TB064	0.25	NC_000962.3	1	4411532	8302788	4305266	97.5912	235.121	39.6	60
Yale-TB064	0.1	NC_000962.3	1	4411532	3319103	4294061	97.3372	93.9928	39.6	60
Yale-TB064	0.2	NC_000962.3	1	4411532	6640522	4303971	97.5618	188.034	39.6	60
Yale-TB064	0.15	NC_000962.3	1	4411532	4978260	4301553	97.507	140.978	39.6	60
Yale-TB064	0.5	NC_000962.3	1	4411532	16602965	4308252	97.6589	470.113	39.6	60
Yale-TB064	1	NC_000962.3	1	4411532	33200917	4310164	97.7022	940.061	39.6	60
Yale-TB019	0.05	NC_000962.3	1	4411532	604932	3442320	78.03	16.7421	39.6	60
Yale-TB019	0.25	NC_000962.3	1	4411532	3022354	4166078	94.4361	83.6022	39.6	60
Yale-TB019	0.1	NC_000962.3	1	4411532	1207828	3869471	87.7126	33.41	39.6	60
Yale-TB019	0.2	NC_000962.3	1	4411532	2417283	4114662	93.2706	66.8633	39.6	60
Yale-TB019	0.15	NC_000962.3	1	4411532	1812312	4032605	91.4105	50.1318	39.6	60
Yale-TB019	0.5	NC_000962.3	1	4411532	6046478	4253559	96.4191	167.232	39.6	60
Yale-TB019	1	NC_000962.3	1	4411532	12090605	4288310	97.2068	334.375	39.6	60
Yale-TB046	0.05	NC_000962.3	1	4411532	4	102	0.00231212	8.84E-05	39.9	60
Yale-TB046	0.25	NC_000962.3	1	4411532	32	1145	0.0259547	0.000743959	39.6	60
Yale-TB046	0.1	NC_000962.3	1	4411532	10	187	0.00423889	0.000220332	39.7	60
Yale-TB046	0.2	NC_000962.3	1	4411532	28	784	0.0177716	0.000611806	39.6	60
Yale-TB046	0.15	NC_000962.3	1	4411532	18	344	0.00779774	0.000377647	39.7	60
Yale-TB046	0.5	NC_000962.3	1	4411532	64	1888	0.0427969	0.00143873	39.7	60
Yale-TB046	1	NC_000962.3	1	4411532	127	3236	0.0733532	0.0028591	39.8	60
Yale-TB084	0.05	NC_000962.3	1	4411532	0	0	0	0	0	0
Yale-TB084	0.25	NC_000962.3	1	4411532	12	476	0.0107899	0.000297176	40	60
Yale-TB084	0.1	NC_000962.3	1	4411532	0	0	0	0	0	0
Yale-TB084	0.2	NC_000962.3	1	4411532	8	434	0.00983785	0.00019449	39.9	60
Yale-TB084	0.15	NC_000962.3	1	4411532	2	90	0.00204011	4.08E-05	40	60
Yale-TB084	0.5	NC_000962.3	1	4411532	27	1126	0.025524	0.000645581	39.8	60
Yale-TB084	1	NC_000962.3	1	4411532	48	1656	0.037538	0.00115266	39.8	60
Yale-TB020	0.05	NC_000962.3	1	4411532	397926	2972865	67.3885	11.0749	39.7	60
Yale-TB020	0.25	NC_000962.3	1	4411532	1989436	3892809	88.2417	55.3177	39.7	60
Yale-TB020	0.1	NC_000962.3	1	4411532	795516	3453140	78.2753	22.1223	39.7	60
Yale-TB020	0.2	NC_000962.3	1	4411532	1590731	3811935	86.4084	44.2411	39.7	60
Yale-TB020	0.15	NC_000962.3	1	4411532	1192098	3678801	83.3906	33.1568	39.7	60
Yale-TB020	0.5	NC_000962.3	1	4411532	3977272	4084724	92.592	110.58	39.7	60
Yale-TB020	1	NC_000962.3	1	4411532	7959707	4186954	94.9093	221.297	39.7	60
Yale-TB057	0.05	NC_000962.3	1	4411532	10671	308916	7.00247	0.263382	39.7	60
Yale-TB057	0.25	NC_000962.3	1	4411532	52939	806480	18.2812	1.31163	39.7	60
Yale-TB057	0.1	NC_000962.3	1	4411532	20993	472523	10.7111	0.519194	39.7	60
Yale-TB057	0.2	NC_000962.3	1	4411532	42031	712424	16.1491	1.04113	39.7	60
Yale-TB057	0.15	NC_000962.3	1	4411532	31265	603925	13.6897	0.774762	39.7	60
Yale-TB057	0.5	NC_000962.3	1	4411532	105883	1120644	25.4026	2.62731	39.7	60
Yale-TB057	1	NC_000962.3	1	4411532	212422	1468923	33.2973	5.27475	39.7	60
Yale-TB093	0.05	NC_000962.3	1	4411532	118	9304	0.210902	0.00331767	39.6	60
Yale-TB093	0.25	NC_000962.3	1	4411532	573	42605	0.965764	0.0161148	39.6	60
Yale-TB093	0.1	NC_000962.3	1	4411532	233	17895	0.405641	0.00660655	39.5	60
Yale-TB093	0.2	NC_000962.3	1	4411532	451	33498	0.759328	0.0126595	39.6	60
Yale-TB093	0.15	NC_000962.3	1	4411532	362	27410	0.621326	0.0102271	39.6	60
Yale-TB093	0.5	NC_000962.3	1	4411532	1230	89417	2.02689	0.0344497	39.6	60
Yale-TB093	1	NC_000962.3	1	4411532	2434	164667	3.73265	0.0682022	39.6	60
Yale-TB037	0.05	NC_000962.3	1	4411532	17	520	0.0117873	0.000367446	39.6	60
Yale-TB037	0.25	NC_000962.3	1	4411532	88	2224	0.0504133	0.00203013	39.7	60
Yale-TB037	0.1	NC_000962.3	1	4411532	37	982	0.0222598	0.000831457	39.6	60
Yale-TB037	0.2	NC_000962.3	1	4411532	70	2047	0.0464011	0.00159174	39.7	60
Yale-TB037	0.15	NC_000962.3	1	4411532	56	1488	0.0337298	0.00127235	39.6	60
Yale-TB037	0.5	NC_000962.3	1	4411532	145	2901	0.0657595	0.00344098	39.7	60
Yale-TB037	1	NC_000962.3	1	4411532	286	4549	0.103116	0.00673394	39.7	60
Yale-TB068	0.05	NC_000962.3	1	4411532	77991	1127836	25.5656	1.94527	39.7	60
Yale-TB068	0.25	NC_000962.3	1	4411532	389955	2105172	47.7197	9.72768	39.7	60
Yale-TB068	0.1	NC_000962.3	1	4411532	156037	1528299	34.6433	3.89125	39.7	60
Yale-TB068	0.2	NC_000962.3	1	4411532	312548	1968899	44.6307	7.79598	39.7	60
Yale-TB068	0.15	NC_000962.3	1	4411532	234275	1780135	40.3519	5.84185	39.7	60
Yale-TB068	0.5	NC_000962.3	1	4411532	780828	2548081	57.7595	19.4774	39.7	60
Yale-TB068	1	NC_000962.3	1	4411532	1563737	2948223	66.8299	38.9958	39.7	60
Yale-TB016	0.05	NC_000962.3	1	4411532	403812	3685115	83.5337	11.3874	39.6	60
Yale-TB016	0.25	NC_000962.3	1	4411532	2013318	4275796	96.9232	56.8075	39.6	60
Yale-TB016	0.1	NC_000962.3	1	4411532	805957	4104437	93.0388	22.7336	39.6	60
Yale-TB016	0.2	NC_000962.3	1	4411532	1611500	4258447	96.5299	45.4645	39.6	60
Yale-TB016	0.15	NC_000962.3	1	4411532	1208338	4215840	95.5641	34.0845	39.6	60
Yale-TB016	0.5	NC_000962.3	1	4411532	4025242	4299946	97.4706	113.568	39.6	60
Yale-TB016	1	NC_000962.3	1	4411532	8054384	4307810	97.6488	227.27	39.6	60
Yale-TB055	0.05	NC_000962.3	1	4411532	345015	2986524	67.6981	9.45115	39.6	60
Yale-TB055	0.25	NC_000962.3	1	4411532	1724322	3958846	89.7386	47.2432	39.6	60
Yale-TB055	0.1	NC_000962.3	1	4411532	690352	3512944	79.6309	18.9125	39.6	60
Yale-TB055	0.2	NC_000962.3	1	4411532	1380362	3874982	87.8376	37.8286	39.6	60
Yale-TB055	0.15	NC_000962.3	1	4411532	1034723	3742360	84.8313	28.3577	39.6	60
Yale-TB055	0.5	NC_000962.3	1	4411532	3447449	4133403	93.6954	94.4598	39.6	60
Yale-TB055	1	NC_000962.3	1	4411532	6894248	4218356	95.6211	188.918	39.6	60
Yale-TB021	0.05	NC_000962.3	1	4411532	62707	1168037	26.4769	1.62395	39.7	60
Yale-TB021	0.25	NC_000962.3	1	4411532	313898	2208457	50.061	8.12735	39.7	60
Yale-TB021	0.1	NC_000962.3	1	4411532	125646	1601861	36.3108	3.25616	39.7	60
Yale-TB021	0.2	NC_000962.3	1	4411532	251272	2059915	46.6939	6.50593	39.7	60
Yale-TB021	0.15	NC_000962.3	1	4411532	188357	1867207	42.3256	4.87838	39.7	60
Yale-TB021	0.5	NC_000962.3	1	4411532	628346	2651884	60.1125	16.2762	39.7	60
Yale-TB021	1	NC_000962.3	1	4411532	1258850	3037034	68.8431	32.5907	39.7	60
Yale-TB105	0.05	NC_000962.3	1	4411532	19	1577	0.0357472	0.000583244	39.2	60
Yale-TB105	0.25	NC_000962.3	1	4411532	87	7024	0.159219	0.00257462	39.6	60
Yale-TB105	0.1	NC_000962.3	1	4411532	36	2848	0.0645581	0.00106743	39.4	60
Yale-TB105	0.2	NC_000962.3	1	4411532	72	5761	0.13059	0.00212693	39.6	60
Yale-TB105	0.15	NC_000962.3	1	4411532	58	4567	0.103524	0.0017282	39.5	60
Yale-TB105	0.5	NC_000962.3	1	4411532	167	13356	0.302752	0.00495587	39.5	60
Yale-TB105	1	NC_000962.3	1	4411532	345	24869	0.563727	0.0100954	39.6	60
Yale-TB076	0.05	NC_000962.3	1	4411532	883661	4102552	92.9961	24.9508	39.6	60
Yale-TB076	0.25	NC_000962.3	1	4411532	4413484	4302280	97.5235	124.664	39.6	60
Yale-TB076	0.1	NC_000962.3	1	4411532	1766236	4248469	96.3037	49.8821	39.6	60
Yale-TB076	0.2	NC_000962.3	1	4411532	3530145	4296623	97.3953	99.709	39.6	60
Yale-TB076	0.15	NC_000962.3	1	4411532	2649763	4284033	97.1099	74.8409	39.6	60
Yale-TB076	0.5	NC_000962.3	1	4411532	8825044	4309710	97.6919	249.265	39.6	60
Yale-TB076	1	NC_000962.3	1	4411532	17655532	4313035	97.7673	498.655	39.6	60
Yale-TB065	0.05	NC_000962.3	1	4411532	1394959	4041910	91.6215	39.4598	39.6	60
Yale-TB065	0.25	NC_000962.3	1	4411532	6972610	4286492	97.1656	197.225	39.6	60
Yale-TB065	0.1	NC_000962.3	1	4411532	2789448	4212349	95.4849	78.9069	39.6	60
Yale-TB065	0.2	NC_000962.3	1	4411532	5579979	4277197	96.9549	157.845	39.6	60
Yale-TB065	0.15	NC_000962.3	1	4411532	4183756	4258090	96.5218	118.349	39.6	60
Yale-TB065	0.5	NC_000962.3	1	4411532	13947937	4300453	97.4821	394.563	39.6	60
Yale-TB065	1	NC_000962.3	1	4411532	27895340	4306113	97.6104	789.133	39.6	60
Yale-TB026	0.05	NC_000962.3	1	4411532	18	925	0.0209678	0.000432729	39.7	60
Yale-TB026	0.25	NC_000962.3	1	4411532	89	2658	0.0602512	0.0021505	39.8	60
Yale-TB026	0.1	NC_000962.3	1	4411532	37	1693	0.0383767	0.000867046	39.8	60
Yale-TB026	0.2	NC_000962.3	1	4411532	76	2541	0.057599	0.00185196	39.8	60
Yale-TB026	0.15	NC_000962.3	1	4411532	53	2179	0.0493933	0.00126668	39.8	60
Yale-TB026	0.5	NC_000962.3	1	4411532	190	3769	0.0854352	0.00454989	39.7	60
Yale-TB026	1	NC_000962.3	1	4411532	403	5017	0.113725	0.00972905	39.7	60
Yale-TB101	0.05	NC_000962.3	1	4411532	447803	4318929	97.9009	13.3148	39.6	60
Yale-TB101	0.25	NC_000962.3	1	4411532	2239233	4326640	98.0757	66.5854	39.6	60
Yale-TB101	0.1	NC_000962.3	1	4411532	895224	4325482	98.0494	26.6189	39.6	60
Yale-TB101	0.2	NC_000962.3	1	4411532	1791462	4326476	98.072	53.2631	39.6	60
Yale-TB101	0.15	NC_000962.3	1	4411532	1342695	4326216	98.0661	39.9199	39.6	60
Yale-TB101	0.5	NC_000962.3	1	4411532	4475356	4327297	98.0906	133.088	39.6	60
Yale-TB101	1	NC_000962.3	1	4411532	8953469	4327578	98.0969	266.264	39.6	60
Yale-TB052	0.05	NC_000962.3	1	4411532	1362463	4247732	96.287	38.9133	39.6	60
Yale-TB052	0.25	NC_000962.3	1	4411532	6817380	4311620	97.7352	194.737	39.6	60
Yale-TB052	0.1	NC_000962.3	1	4411532	2727776	4299022	97.4496	77.9212	39.6	60
Yale-TB052	0.2	NC_000962.3	1	4411532	5453639	4309865	97.6954	155.78	39.6	60
Yale-TB052	0.15	NC_000962.3	1	4411532	4090417	4307293	97.6371	116.833	39.6	60
Yale-TB052	0.5	NC_000962.3	1	4411532	13634396	4314213	97.794	389.478	39.6	60
Yale-TB052	1	NC_000962.3	1	4411532	27273407	4315265	97.8178	779.045	39.6	60
Yale-TB045	0.05	NC_000962.3	1	4411532	14	522	0.0118326	0.000358379	39.9	60
Yale-TB045	0.25	NC_000962.3	1	4411532	61	1022	0.0231666	0.00149223	39.8	60
Yale-TB045	0.1	NC_000962.3	1	4411532	26	708	0.0160488	0.000652154	39.9	60
Yale-TB045	0.2	NC_000962.3	1	4411532	51	897	0.0203331	0.00124855	39.8	60
Yale-TB045	0.15	NC_000962.3	1	4411532	39	801	0.018157	0.000973811	39.9	60
Yale-TB045	0.5	NC_000962.3	1	4411532	122	1281	0.0290375	0.00300191	39.8	60
Yale-TB045	1	NC_000962.3	1	4411532	244	1877	0.0425476	0.00603668	39.8	60
Yale-TB035	0.05	NC_000962.3	1	4411532	163	6024	0.136551	0.00368738	39.7	60
Yale-TB035	0.25	NC_000962.3	1	4411532	754	16631	0.376989	0.0174057	39.7	60
Yale-TB035	0.1	NC_000962.3	1	4411532	304	9070	0.205598	0.00709957	39.7	60
Yale-TB035	0.2	NC_000962.3	1	4411532	615	14691	0.333014	0.0141704	39.7	60
Yale-TB035	0.15	NC_000962.3	1	4411532	473	11764	0.266665	0.010908	39.7	60
Yale-TB035	0.5	NC_000962.3	1	4411532	1447	24469	0.55466	0.0330058	39.7	60
Yale-TB035	1	NC_000962.3	1	4411532	2928	35740	0.810149	0.0667716	39.7	60
Yale-TB025	0.05	NC_000962.3	1	4411532	2	105	0.00238013	4.71E-05	40	60
Yale-TB025	0.25	NC_000962.3	1	4411532	27	1323	0.0299896	0.000667795	39.8	60
Yale-TB025	0.1	NC_000962.3	1	4411532	11	719	0.0162982	0.000280401	39.7	60
Yale-TB025	0.2	NC_000962.3	1	4411532	18	1084	0.024572	0.000449504	39.7	60
Yale-TB025	0.15	NC_000962.3	1	4411532	16	1084	0.024572	0.000405528	39.7	60
Yale-TB025	0.5	NC_000962.3	1	4411532	41	1912	0.043341	0.0010595	39.7	60
Yale-TB025	1	NC_000962.3	1	4411532	79	3405	0.0771841	0.00206935	39.7	60
Yale-TB069	0.05	NC_000962.3	1	4411532	5931	154612	3.50472	0.139545	39.7	60
Yale-TB069	0.25	NC_000962.3	1	4411532	29933	402864	9.13207	0.703579	39.7	60
Yale-TB069	0.1	NC_000962.3	1	4411532	11951	239248	5.42324	0.280681	39.7	60
Yale-TB069	0.2	NC_000962.3	1	4411532	23817	356342	8.07751	0.560432	39.7	60
Yale-TB069	0.15	NC_000962.3	1	4411532	17965	301404	6.83218	0.422777	39.7	60
Yale-TB069	0.5	NC_000962.3	1	4411532	59988	567707	12.8687	1.40917	39.7	60
Yale-TB069	1	NC_000962.3	1	4411532	119292	774629	17.5592	2.80561	39.7	60
Yale-TB070	0.05	NC_000962.3	1	4411532	286	9343	0.211786	0.00687788	39.7	60
Yale-TB070	0.25	NC_000962.3	1	4411532	1221	28808	0.653016	0.0293637	39.7	60
Yale-TB070	0.1	NC_000962.3	1	4411532	508	15059	0.341355	0.0121463	39.7	60
Yale-TB070	0.2	NC_000962.3	1	4411532	1005	25170	0.57055	0.0241352	39.7	60
Yale-TB070	0.15	NC_000962.3	1	4411532	722	19609	0.444494	0.0171705	39.7	60
Yale-TB070	0.5	NC_000962.3	1	4411532	2525	47757	1.08255	0.0600977	39.7	60
Yale-TB070	1	NC_000962.3	1	4411532	5153	68522	1.55325	0.122586	39.7	60
Yale-TB041	0.05	NC_000962.3	1	4411532	861778	3993034	90.5135	24.4547	39.6	60
Yale-TB041	0.25	NC_000962.3	1	4411532	4304549	4320256	97.931	122.169	39.6	60
Yale-TB041	0.1	NC_000962.3	1	4411532	1721491	4222138	95.7068	48.8563	39.6	60
Yale-TB041	0.2	NC_000962.3	1	4411532	3444127	4308501	97.6645	97.7491	39.6	60
Yale-TB041	0.15	NC_000962.3	1	4411532	2582314	4285615	97.1457	73.2818	39.6	60
Yale-TB041	0.5	NC_000962.3	1	4411532	8609461	4335108	98.2676	244.362	39.6	60
Yale-TB041	1	NC_000962.3	1	4411532	17217996	4338876	98.353	488.679	39.6	60
Yale-TB050	0.05	NC_000962.3	1	4411532	18	830	0.0188143	0.000387394	39.7	60
Yale-TB050	0.25	NC_000962.3	1	4411532	84	2976	0.0674596	0.00206618	39.7	60
Yale-TB050	0.1	NC_000962.3	1	4411532	33	1461	0.0331177	0.000759147	39.8	60
Yale-TB050	0.2	NC_000962.3	1	4411532	66	2822	0.0639687	0.00160964	39.7	60
Yale-TB050	0.15	NC_000962.3	1	4411532	48	2050	0.0464691	0.00113657	39.7	60
Yale-TB050	0.5	NC_000962.3	1	4411532	164	5357	0.121432	0.00403624	39.6	60
Yale-TB050	1	NC_000962.3	1	4411532	351	9148	0.207366	0.00849206	39.6	60
Yale-TB027	0.05	NC_000962.3	1	4411532	1086950	4051669	91.8427	31.5139	39.6	60
Yale-TB027	0.25	NC_000962.3	1	4411532	5434909	4316334	97.8421	157.623	39.6	60
Yale-TB027	0.1	NC_000962.3	1	4411532	2171840	4247267	96.2765	62.9794	39.6	60
Yale-TB027	0.2	NC_000962.3	1	4411532	4347569	4309879	97.6957	126.09	39.6	60
Yale-TB027	0.15	NC_000962.3	1	4411532	3260973	4294827	97.3545	94.5685	39.6	60
Yale-TB027	0.5	NC_000962.3	1	4411532	10865332	4323892	98.0134	315.1	39.6	60
Yale-TB027	1	NC_000962.3	1	4411532	21725264	4326118	98.0638	630.041	39.6	60
Yale-TB028	0.05	NC_000962.3	1	4411532	1372193	4270037	96.7926	39.1659	39.6	60
Yale-TB028	0.25	NC_000962.3	1	4411532	6861479	4324465	98.0264	195.818	39.6	60
Yale-TB028	0.1	NC_000962.3	1	4411532	2746010	4313690	97.7821	78.3729	39.6	60
Yale-TB028	0.2	NC_000962.3	1	4411532	5490877	4323523	98.005	156.704	39.6	60
Yale-TB028	0.15	NC_000962.3	1	4411532	4117363	4320522	97.937	117.514	39.6	60
Yale-TB028	0.5	NC_000962.3	1	4411532	13720237	4326657	98.0761	391.561	39.6	60
Yale-TB028	1	NC_000962.3	1	4411532	27446377	4327630	98.0981	783.269	39.6	60
Yale-TB018	0.05	NC_000962.3	1	4411532	1581619	4082142	92.5334	44.2048	39.6	60
Yale-TB018	0.25	NC_000962.3	1	4411532	7914722	4295398	97.3675	221.156	39.6	60
Yale-TB018	0.1	NC_000962.3	1	4411532	3166543	4231244	95.9133	88.4875	39.6	60
Yale-TB018	0.2	NC_000962.3	1	4411532	6328091	4286169	97.1583	176.826	39.6	60
Yale-TB018	0.15	NC_000962.3	1	4411532	4749481	4269043	96.7701	132.727	39.6	60
Yale-TB018	0.5	NC_000962.3	1	4411532	15833217	4305725	97.6016	442.383	39.6	60
Yale-TB018	1	NC_000962.3	1	4411532	31664138	4309648	97.6905	884.595	39.6	60
Yale-TB106	0.05	NC_000962.3	1	4411532	0	0	0	0	0	0
Yale-TB106	0.25	NC_000962.3	1	4411532	6	312	0.00707237	0.000139861	39.8	60
Yale-TB106	0.1	NC_000962.3	1	4411532	0	0	0	0	0	0
Yale-TB106	0.2	NC_000962.3	1	4411532	2	107	0.00242546	4.78E-05	39.9	60
Yale-TB106	0.15	NC_000962.3	1	4411532	0	0	0	0	0	0
Yale-TB106	0.5	NC_000962.3	1	4411532	20	1239	0.0280855	0.000521134	39.7	60
Yale-TB106	1	NC_000962.3	1	4411532	56	3764	0.0853218	0.00155207	39.5	60
Yale-TB043	0.05	NC_000962.3	1	4411532	2607	80471	1.82411	0.0583172	39.7	60
Yale-TB043	0.25	NC_000962.3	1	4411532	12318	220243	4.99244	0.274521	39.7	60
Yale-TB043	0.1	NC_000962.3	1	4411532	5028	125510	2.84504	0.112197	39.7	60
Yale-TB043	0.2	NC_000962.3	1	4411532	9902	194015	4.39791	0.220969	39.7	60
Yale-TB043	0.15	NC_000962.3	1	4411532	7427	159581	3.61736	0.165455	39.7	60
Yale-TB043	0.5	NC_000962.3	1	4411532	24629	319064	7.2325	0.549684	39.7	60
Yale-TB043	1	NC_000962.3	1	4411532	49107	444511	10.0761	1.09644	39.7	60
Yale-TB088	0.05	NC_000962.3	1	4411532	3359026	4311955	97.7428	100.383	39.6	60
Yale-TB088	0.25	NC_000962.3	1	4411532	16794908	4313180	97.7706	501.914	39.6	60
Yale-TB088	0.1	NC_000962.3	1	4411532	6714203	4312497	97.7551	200.646	39.6	60
Yale-TB088	0.2	NC_000962.3	1	4411532	13433532	4312965	97.7657	401.459	39.6	60
Yale-TB088	0.15	NC_000962.3	1	4411532	10072238	4312685	97.7593	300.987	39.6	60
Yale-TB088	0.5	NC_000962.3	1	4411532	33603250	4313266	97.7725	1004.28	39.6	60
Yale-TB088	1	NC_000962.3	1	4411532	67204238	4313453	97.7768	2008.5	39.6	60
Yale-TB075	0.05	NC_000962.3	1	4411532	1850534	4276130	96.9307	53.1759	39.6	60
Yale-TB075	0.25	NC_000962.3	1	4411532	9253755	4313361	97.7747	265.937	39.6	60
Yale-TB075	0.1	NC_000962.3	1	4411532	3701482	4304321	97.5698	106.378	39.6	60
Yale-TB075	0.2	NC_000962.3	1	4411532	7403431	4312076	97.7455	212.759	39.6	60
Yale-TB075	0.15	NC_000962.3	1	4411532	5552264	4309670	97.691	159.555	39.6	60
Yale-TB075	0.5	NC_000962.3	1	4411532	18502771	4315402	97.8209	531.736	39.6	60
Yale-TB075	1	NC_000962.3	1	4411532	36996321	4316799	97.8526	1063.17	39.6	60
Yale-TB063	0.05	NC_000962.3	1	4411532	812339	4125698	93.5208	23.5471	39.6	60
Yale-TB063	0.25	NC_000962.3	1	4411532	4057963	4300631	97.4861	117.633	39.6	60
Yale-TB063	0.1	NC_000962.3	1	4411532	1623071	4260838	96.5841	47.0553	39.6	60
Yale-TB063	0.2	NC_000962.3	1	4411532	3244910	4297242	97.4093	94.0706	39.6	60
Yale-TB063	0.15	NC_000962.3	1	4411532	2434856	4289197	97.2269	70.5792	39.6	60
Yale-TB063	0.5	NC_000962.3	1	4411532	8105729	4305890	97.6053	234.956	39.6	60
Yale-TB063	1	NC_000962.3	1	4411532	16208261	4308272	97.6593	469.884	39.6	60
Yale-TB098	0.05	NC_000962.3	1	4411532	0	0	0	0	0	0
Yale-TB098	0.25	NC_000962.3	1	4411532	0	0	0	0	0	0
Yale-TB098	0.1	NC_000962.3	1	4411532	0	0	0	0	0	0
Yale-TB098	0.2	NC_000962.3	1	4411532	0	0	0	0	0	0
Yale-TB098	0.15	NC_000962.3	1	4411532	0	0	0	0	0	0
Yale-TB098	0.5	NC_000962.3	1	4411532	0	0	0	0	0	0
Yale-TB098	1	NC_000962.3	1	4411532	0	0	0	0	0	0
Yale-TB049	0.05	NC_000962.3	1	4411532	10	403	0.00913515	0.000179529	39.7	60
Yale-TB049	0.25	NC_000962.3	1	4411532	48	1223	0.0277228	0.000967691	39.6	60
Yale-TB049	0.1	NC_000962.3	1	4411532	16	651	0.0147568	0.000319164	39.7	60
Yale-TB049	0.2	NC_000962.3	1	4411532	42	1080	0.0244813	0.000859792	39.6	60
Yale-TB049	0.15	NC_000962.3	1	4411532	26	770	0.0174543	0.000529748	39.8	60
Yale-TB049	0.5	NC_000962.3	1	4411532	96	1717	0.0389207	0.00198706	39.6	60
Yale-TB049	1	NC_000962.3	1	4411532	172	3114	0.0705877	0.00373136	39.6	60
Yale-TB015	0.05	NC_000962.3	1	4411532	1122065	4190915	94.9991	32.5962	39.6	60
Yale-TB015	0.25	NC_000962.3	1	4411532	5611005	4309151	97.6792	162.926	39.6	60
Yale-TB015	0.1	NC_000962.3	1	4411532	2244830	4291880	97.2877	65.1928	39.6	60
Yale-TB015	0.2	NC_000962.3	1	4411532	4488438	4307855	97.6499	130.338	39.6	60
Yale-TB015	0.15	NC_000962.3	1	4411532	3366866	4305297	97.5919	97.7744	39.6	60
Yale-TB015	0.5	NC_000962.3	1	4411532	11212386	4310668	97.7136	325.579	39.6	60
Yale-TB015	1	NC_000962.3	1	4411532	22433604	4311459	97.7316	651.372	39.6	60
Yale-TB100	0.05	NC_000962.3	1	4411532	979247	4325220	98.0435	29.6985	39.6	60
Yale-TB100	0.25	NC_000962.3	1	4411532	4897291	4327446	98.094	148.536	39.6	60
Yale-TB100	0.1	NC_000962.3	1	4411532	1957169	4326760	98.0784	59.3578	39.6	60
Yale-TB100	0.2	NC_000962.3	1	4411532	3914983	4327367	98.0922	118.739	39.6	60
Yale-TB100	0.15	NC_000962.3	1	4411532	2935597	4327081	98.0857	89.0365	39.6	60
Yale-TB100	0.5	NC_000962.3	1	4411532	9802931	4327760	98.1011	297.351	39.6	60
Yale-TB100	1	NC_000962.3	1	4411532	19612078	4327979	98.106	594.852	39.6	60
Yale-TB071	0.05	NC_000962.3	1	4411532	17	829	0.0187917	0.000432729	39.7	60
Yale-TB071	0.25	NC_000962.3	1	4411532	77	2018	0.0457437	0.00174475	39.7	60
Yale-TB071	0.1	NC_000962.3	1	4411532	35	1336	0.0302843	0.000824884	39.8	60
Yale-TB071	0.2	NC_000962.3	1	4411532	61	1631	0.0369713	0.00140518	39.6	60
Yale-TB071	0.15	NC_000962.3	1	4411532	43	1346	0.0305109	0.000990586	39.7	60
Yale-TB071	0.5	NC_000962.3	1	4411532	156	3422	0.0775694	0.00351828	39.7	60
Yale-TB071	1	NC_000962.3	1	4411532	301	4724	0.107083	0.0066172	39.7	60